Date,EST,AwayTeam,HomeTeam,Game
2023-10-10,5:30 PM,NSH,TB,"2023-10-10 - NSH, TB"
2023-10-10,8:00 PM,CHI,PIT,"2023-10-10 - CHI, PIT"
2023-10-10,10:30 PM,SEA,VGK,"2023-10-10 - SEA, VGK"
2023-10-11,7:00 PM,OTT,CAR,"2023-10-11 - OTT, CAR"
2023-10-11,7:00 PM,MTL,TOR,"2023-10-11 - MTL, TOR"
2023-10-11,7:30 PM,CHI,BOS,"2023-10-11 - CHI, BOS"
2023-10-11,10:00 PM,WPG,CGY,"2023-10-11 - WPG, CGY"
2023-10-11,10:00 PM,COL,LA,"2023-10-11 - COL, LA"
2023-10-11,10:00 PM,EDM,VAN,"2023-10-11 - EDM, VAN"
2023-10-12,7:00 PM,NYR,BUF,"2023-10-12 - NYR, BUF"
2023-10-12,7:00 PM,PHI,CBJ,"2023-10-12 - PHI, CBJ"
2023-10-12,7:00 PM,DET,NJ,"2023-10-12 - DET, NJ"
2023-10-12,8:00 PM,STL,DAL,"2023-10-12 - STL, DAL"
2023-10-12,8:00 PM,FLA,MIN,"2023-10-12 - FLA, MIN"
2023-10-12,8:00 PM,SEA,NSH,"2023-10-12 - SEA, NSH"
2023-10-12,10:30 PM,VGK,SJ,"2023-10-12 - VGK, SJ"
2023-10-13,7:00 PM,ARI,NJ,"2023-10-13 - ARI, NJ"
2023-10-13,7:00 PM,PIT,WSH,"2023-10-13 - PIT, WSH"
2023-10-14,1:00 PM,PHI,OTT,"2023-10-14 - PHI, OTT"
2023-10-14,4:00 PM,FLA,WPG,"2023-10-14 - FLA, WPG"
2023-10-14,7:00 PM,NSH,BOS,"2023-10-14 - NSH, BOS"
2023-10-14,7:00 PM,NYR,CBJ,"2023-10-14 - NYR, CBJ"
2023-10-14,7:00 PM,TB,DET,"2023-10-14 - TB, DET"
2023-10-14,7:00 PM,CHI,MTL,"2023-10-14 - CHI, MTL"
2023-10-14,7:00 PM,CGY,PIT,"2023-10-14 - CGY, PIT"
2023-10-14,7:00 PM,MIN,TOR,"2023-10-14 - MIN, TOR"
2023-10-14,7:30 PM,BUF,NYI,"2023-10-14 - BUF, NYI"
2023-10-14,8:00 PM,SEA,STL,"2023-10-14 - SEA, STL"
2023-10-14,10:00 PM,VAN,EDM,"2023-10-14 - VAN, EDM"
2023-10-14,10:00 PM,COL,SJ,"2023-10-14 - COL, SJ"
2023-10-14,10:00 PM,ANA,VGK,"2023-10-14 - ANA, VGK"
2023-10-14,10:30 PM,CAR,LA,"2023-10-14 - CAR, LA"
2023-10-15,7:00 PM,TB,OTT,"2023-10-15 - TB, OTT"
2023-10-15,8:30 PM,CAR,ANA,"2023-10-15 - CAR, ANA"
2023-10-16,7:00 PM,DET,CBJ,"2023-10-16 - DET, CBJ"
2023-10-16,7:00 PM,FLA,NJ,"2023-10-16 - FLA, NJ"
2023-10-16,7:00 PM,ARI,NYR,"2023-10-16 - ARI, NYR"
2023-10-16,7:00 PM,CHI,TOR,"2023-10-16 - CHI, TOR"
2023-10-16,7:00 PM,CGY,WSH,"2023-10-16 - CGY, WSH"
2023-10-17,7:00 PM,TB,BUF,"2023-10-17 - TB, BUF"
2023-10-17,7:00 PM,MIN,MTL,"2023-10-17 - MIN, MTL"
2023-10-17,7:00 PM,VAN,PHI,"2023-10-17 - VAN, PHI"
2023-10-17,7:30 PM,ARI,NYI,"2023-10-17 - ARI, NYI"
2023-10-17,8:00 PM,EDM,NSH,"2023-10-17 - EDM, NSH"
2023-10-17,8:00 PM,LA,WPG,"2023-10-17 - LA, WPG"
2023-10-17,10:00 PM,COL,SEA,"2023-10-17 - COL, SEA"
2023-10-17,10:30 PM,CAR,SJ,"2023-10-17 - CAR, SJ"
2023-10-17,10:30 PM,DAL,VGK,"2023-10-17 - DAL, VGK"
2023-10-18,7:00 PM,WSH,OTT,"2023-10-18 - WSH, OTT"
2023-10-18,7:30 PM,PIT,DET,"2023-10-18 - PIT, DET"
2023-10-19,7:00 PM,CGY,BUF,"2023-10-19 - CGY, BUF"
2023-10-19,7:00 PM,TOR,FLA,"2023-10-19 - TOR, FLA"
2023-10-19,7:00 PM,NSH,NYR,"2023-10-19 - NSH, NYR"
2023-10-19,7:00 PM,EDM,PHI,"2023-10-19 - EDM, PHI"
2023-10-19,7:00 PM,VAN,TB,"2023-10-19 - VAN, TB"
2023-10-19,8:00 PM,LA,MIN,"2023-10-19 - LA, MIN"
2023-10-19,8:00 PM,ARI,STL,"2023-10-19 - ARI, STL"
2023-10-19,8:00 PM,VGK,WPG,"2023-10-19 - VGK, WPG"
2023-10-19,10:00 PM,DAL,ANA,"2023-10-19 - DAL, ANA"
2023-10-19,10:00 PM,CAR,SEA,"2023-10-19 - CAR, SEA"
2023-10-19,10:30 PM,CHI,COL,"2023-10-19 - CHI, COL"
2023-10-19,10:30 PM,BOS,SJ,"2023-10-19 - BOS, SJ"
2023-10-20,7:00 PM,CGY,CBJ,"2023-10-20 - CGY, CBJ"
2023-10-20,7:30 PM,NJ,NYI,"2023-10-20 - NJ, NYI"
2023-10-21,1:00 PM,DET,OTT,"2023-10-21 - DET, OTT"
2023-10-21,4:00 PM,ANA,ARI,"2023-10-21 - ANA, ARI"
2023-10-21,7:00 PM,NYI,BUF,"2023-10-21 - NYI, BUF"
2023-10-21,7:00 PM,VAN,FLA,"2023-10-21 - VAN, FLA"
2023-10-21,7:00 PM,WSH,MTL,"2023-10-21 - WSH, MTL"
2023-10-21,7:00 PM,TOR,TB,"2023-10-21 - TOR, TB"
2023-10-21,8:00 PM,VGK,CHI,"2023-10-21 - VGK, CHI"
2023-10-21,8:00 PM,PHI,DAL,"2023-10-21 - PHI, DAL"
2023-10-21,8:00 PM,CBJ,MIN,"2023-10-21 - CBJ, MIN"
2023-10-21,8:00 PM,SJ,NSH,"2023-10-21 - SJ, NSH"
2023-10-21,8:00 PM,PIT,STL,"2023-10-21 - PIT, STL"
2023-10-21,9:00 PM,CAR,COL,"2023-10-21 - CAR, COL"
2023-10-21,10:00 PM,WPG,EDM,"2023-10-21 - WPG, EDM"
2023-10-21,10:00 PM,NYR,SEA,"2023-10-21 - NYR, SEA"
2023-10-21,10:30 PM,BOS,LA,"2023-10-21 - BOS, LA"
2023-10-22,5:00 PM,CGY,DET,"2023-10-22 - CGY, DET"
2023-10-22,8:30 PM,BOS,ANA,"2023-10-22 - BOS, ANA"
2023-10-23,7:00 PM,MTL,BUF,"2023-10-23 - MTL, BUF"
2023-10-24,6:00 PM,TOR,WSH,"2023-10-24 - TOR, WSH"
2023-10-24,6:30 PM,ANA,CBJ,"2023-10-24 - ANA, CBJ"
2023-10-24,6:45 PM,BUF,OTT,"2023-10-24 - BUF, OTT"
2023-10-24,7:00 PM,CAR,TB,"2023-10-24 - CAR, TB"
2023-10-24,7:15 PM,NJ,MTL,"2023-10-24 - NJ, MTL"
2023-10-24,7:30 PM,DAL,PIT,"2023-10-24 - DAL, PIT"
2023-10-24,7:45 PM,SJ,FLA,"2023-10-24 - SJ, FLA"
2023-10-24,8:00 PM,COL,NYI,"2023-10-24 - COL, NYI"
2023-10-24,8:15 PM,SEA,DET,"2023-10-24 - SEA, DET"
2023-10-24,8:30 PM,BOS,CHI,"2023-10-24 - BOS, CHI"
2023-10-24,8:45 PM,STL,WPG,"2023-10-24 - STL, WPG"
2023-10-24,9:00 PM,EDM,MIN,"2023-10-24 - EDM, MIN"
2023-10-24,9:15 PM,VAN,NSH,"2023-10-24 - VAN, NSH"
2023-10-24,9:45 PM,NYR,CGY,"2023-10-24 - NYR, CGY"
2023-10-24,10:30 PM,ARI,LA,"2023-10-24 - ARI, LA"
2023-10-24,11:00 PM,PHI,VGK,"2023-10-24 - PHI, VGK"
2023-10-25,7:30 PM,WSH,NJ,"2023-10-25 - WSH, NJ"
2023-10-26,7:00 PM,ANA,BOS,"2023-10-26 - ANA, BOS"
2023-10-26,7:00 PM,SEA,CAR,"2023-10-26 - SEA, CAR"
2023-10-26,7:00 PM,WPG,DET,"2023-10-26 - WPG, DET"
2023-10-26,7:00 PM,CBJ,MTL,"2023-10-26 - CBJ, MTL"
2023-10-26,7:00 PM,MIN,PHI,"2023-10-26 - MIN, PHI"
2023-10-26,7:00 PM,COL,PIT,"2023-10-26 - COL, PIT"
2023-10-26,7:00 PM,SJ,TB,"2023-10-26 - SJ, TB"
2023-10-26,7:30 PM,OTT,NYI,"2023-10-26 - OTT, NYI"
2023-10-26,8:00 PM,TOR,DAL,"2023-10-26 - TOR, DAL"
2023-10-26,9:00 PM,STL,CGY,"2023-10-26 - STL, CGY"
2023-10-26,9:00 PM,NYR,EDM,"2023-10-26 - NYR, EDM"
2023-10-27,6:00 PM,CHI,VGK,"2023-10-27 - CHI, VGK"
2023-10-27,7:00 PM,SJ,CAR,"2023-10-27 - SJ, CAR"
2023-10-27,7:00 PM,BUF,NJ,"2023-10-27 - BUF, NJ"
2023-10-27,7:00 PM,MIN,WSH,"2023-10-27 - MIN, WSH"
2023-10-27,10:00 PM,LA,ARI,"2023-10-27 - LA, ARI"
2023-10-27,10:00 PM,STL,VAN,"2023-10-27 - STL, VAN"
2023-10-28,1:00 PM,ANA,PHI,"2023-10-28 - ANA, PHI"
2023-10-28,6:00 PM,SEA,FLA,"2023-10-28 - SEA, FLA"
2023-10-28,7:00 PM,DET,BOS,"2023-10-28 - DET, BOS"
2023-10-28,7:00 PM,NYI,CBJ,"2023-10-28 - NYI, CBJ"
2023-10-28,7:00 PM,WPG,MTL,"2023-10-28 - WPG, MTL"
2023-10-28,7:00 PM,TOR,NSH,"2023-10-28 - TOR, NSH"
2023-10-28,7:00 PM,OTT,PIT,"2023-10-28 - OTT, PIT"
2023-10-28,10:00 PM,NYR,VAN,"2023-10-28 - NYR, VAN"
2023-10-28,10:30 PM,VGK,LA,"2023-10-28 - VGK, LA"
2023-10-29,1:00 PM,COL,BUF,"2023-10-29 - COL, BUF"
2023-10-29,5:00 PM,MIN,NJ,"2023-10-29 - MIN, NJ"
2023-10-29,5:00 PM,SJ,WSH,"2023-10-29 - SJ, WSH"
2023-10-29,7:00 PM,CGY,EDM,"2023-10-29 - CGY, EDM"
2023-10-30,7:00 PM,FLA,BOS,"2023-10-30 - FLA, BOS"
2023-10-30,7:00 PM,CAR,PHI,"2023-10-30 - CAR, PHI"
2023-10-30,7:00 PM,ANA,PIT,"2023-10-30 - ANA, PIT"
2023-10-30,7:00 PM,SEA,TB,"2023-10-30 - SEA, TB"
2023-10-30,7:30 PM,DET,NYI,"2023-10-30 - DET, NYI"
2023-10-30,7:30 PM,NYR,WPG,"2023-10-30 - NYR, WPG"
2023-10-30,8:00 PM,CBJ,DAL,"2023-10-30 - CBJ, DAL"
2023-10-30,10:00 PM,CHI,ARI,"2023-10-30 - CHI, ARI"
2023-10-30,10:00 PM,MTL,VGK,"2023-10-30 - MTL, VGK"
2023-10-31,8:00 PM,LA,TOR,"2023-10-31 - LA, TOR"
2023-10-31,10:00 PM,NSH,VAN,"2023-10-31 - NSH, VAN"
2023-11-01,7:00 PM,BUF,PHI,"2023-11-01 - BUF, PHI"
2023-11-01,8:30 PM,DAL,CGY,"2023-11-01 - DAL, CGY"
2023-11-01,9:30 PM,STL,COL,"2023-11-01 - STL, COL"
2023-11-01,10:00 PM,ARI,ANA,"2023-11-01 - ARI, ANA"
2023-11-02,7:00 PM,TOR,BOS,"2023-11-02 - TOR, BOS"
2023-11-02,7:00 PM,TB,CBJ,"2023-11-02 - TB, CBJ"
2023-11-02,7:00 PM,FLA,DET,"2023-11-02 - FLA, DET"
2023-11-02,7:00 PM,CAR,NYR,"2023-11-02 - CAR, NYR"
2023-11-02,7:00 PM,LA,OTT,"2023-11-02 - LA, OTT"
2023-11-02,7:00 PM,NYI,WSH,"2023-11-02 - NYI, WSH"
2023-11-02,8:00 PM,NJ,MIN,"2023-11-02 - NJ, MIN"
2023-11-02,9:00 PM,DAL,EDM,"2023-11-02 - DAL, EDM"
2023-11-02,10:00 PM,MTL,ARI,"2023-11-02 - MTL, ARI"
2023-11-02,10:00 PM,NSH,SEA,"2023-11-02 - NSH, SEA"
2023-11-02,10:00 PM,WPG,VGK,"2023-11-02 - WPG, VGK"
2023-11-02,10:30 PM,VAN,SJ,"2023-11-02 - VAN, SJ"
2023-11-03,7:00 PM,PHI,BUF,"2023-11-03 - PHI, BUF"
2023-11-03,8:00 PM,NJ,STL,"2023-11-03 - NJ, STL"
2023-11-04,3:00 PM,NSH,EDM,"2023-11-04 - NSH, EDM"
2023-11-04,4:00 PM,WPG,ARI,"2023-11-04 - WPG, ARI"
2023-11-04,7:00 PM,BOS,DET,"2023-11-04 - BOS, DET"
2023-11-04,7:00 PM,TB,OTT,"2023-11-04 - TB, OTT"
2023-11-04,7:00 PM,LA,PHI,"2023-11-04 - LA, PHI"
2023-11-04,7:00 PM,MTL,STL,"2023-11-04 - MTL, STL"
2023-11-04,7:00 PM,BUF,TOR,"2023-11-04 - BUF, TOR"
2023-11-04,7:00 PM,CBJ,WSH,"2023-11-04 - CBJ, WSH"
2023-11-04,7:30 PM,CAR,NYI,"2023-11-04 - CAR, NYI"
2023-11-04,8:00 PM,FLA,CHI,"2023-11-04 - FLA, CHI"
2023-11-04,8:00 PM,NYR,MIN,"2023-11-04 - NYR, MIN"
2023-11-04,10:00 PM,CGY,SEA,"2023-11-04 - CGY, SEA"
2023-11-04,10:00 PM,PIT,SJ,"2023-11-04 - PIT, SJ"
2023-11-04,10:00 PM,DAL,VAN,"2023-11-04 - DAL, VAN"
2023-11-04,10:00 PM,COL,VGK,"2023-11-04 - COL, VGK"
2023-11-05,7:00 PM,NJ,CHI,"2023-11-05 - NJ, CHI"
2023-11-05,8:00 PM,VGK,ANA,"2023-11-05 - VGK, ANA"
2023-11-06,7:00 PM,CBJ,FLA,"2023-11-06 - CBJ, FLA"
2023-11-06,7:00 PM,TB,TOR,"2023-11-06 - TB, TOR"
2023-11-06,8:00 PM,BOS,DAL,"2023-11-06 - BOS, DAL"
2023-11-06,10:00 PM,EDM,VAN,"2023-11-06 - EDM, VAN"
2023-11-07,7:00 PM,BUF,CAR,"2023-11-07 - BUF, CAR"
2023-11-07,7:00 PM,TB,MTL,"2023-11-07 - TB, MTL"
2023-11-07,7:30 PM,MIN,NYI,"2023-11-07 - MIN, NYI"
2023-11-07,7:30 PM,DET,NYR,"2023-11-07 - DET, NYR"
2023-11-07,8:00 PM,WPG,STL,"2023-11-07 - WPG, STL"
2023-11-07,9:00 PM,SEA,ARI,"2023-11-07 - SEA, ARI"
2023-11-07,9:00 PM,NSH,CGY,"2023-11-07 - NSH, CGY"
2023-11-07,10:00 PM,PIT,ANA,"2023-11-07 - PIT, ANA"
2023-11-07,10:00 PM,NJ,COL,"2023-11-07 - NJ, COL"
2023-11-07,10:30 PM,PHI,SJ,"2023-11-07 - PHI, SJ"
2023-11-08,7:00 PM,OTT,TOR,"2023-11-08 - OTT, TOR"
2023-11-08,7:30 PM,FLA,WSH,"2023-11-08 - FLA, WSH"
2023-11-08,10:00 PM,LA,VGK,"2023-11-08 - LA, VGK"
2023-11-09,7:00 PM,NYI,BOS,"2023-11-09 - NYI, BOS"
2023-11-09,7:00 PM,DAL,CBJ,"2023-11-09 - DAL, CBJ"
2023-11-09,7:00 PM,MTL,DET,"2023-11-09 - MTL, DET"
2023-11-09,7:00 PM,MIN,NYR,"2023-11-09 - MIN, NYR"
2023-11-09,7:00 PM,VAN,OTT,"2023-11-09 - VAN, OTT"
2023-11-09,7:00 PM,CHI,TB,"2023-11-09 - CHI, TB"
2023-11-09,8:00 PM,ARI,STL,"2023-11-09 - ARI, STL"
2023-11-09,8:00 PM,NSH,WPG,"2023-11-09 - NSH, WPG"
2023-11-09,9:00 PM,SEA,COL,"2023-11-09 - SEA, COL"
2023-11-09,10:30 PM,PIT,LA,"2023-11-09 - PIT, LA"
2023-11-09,10:30 PM,EDM,SJ,"2023-11-09 - EDM, SJ"
2023-11-10,7:00 PM,MIN,BUF,"2023-11-10 - MIN, BUF"
2023-11-10,7:00 PM,CAR,FLA,"2023-11-10 - CAR, FLA"
2023-11-10,7:00 PM,WSH,NJ,"2023-11-10 - WSH, NJ"
2023-11-10,7:00 PM,CGY,TOR,"2023-11-10 - CGY, TOR"
2023-11-10,10:00 PM,PHI,ANA,"2023-11-10 - PHI, ANA"
2023-11-10,10:00 PM,SJ,VGK,"2023-11-10 - SJ, VGK"
2023-11-11,1:00 PM,CBJ,DET,"2023-11-11 - CBJ, DET"
2023-11-11,4:00 PM,DAL,WPG,"2023-11-11 - DAL, WPG"
2023-11-11,7:00 PM,BOS,MTL,"2023-11-11 - BOS, MTL"
2023-11-11,7:00 PM,CGY,OTT,"2023-11-11 - CGY, OTT"
2023-11-11,7:00 PM,CAR,TB,"2023-11-11 - CAR, TB"
2023-11-11,7:00 PM,VAN,TOR,"2023-11-11 - VAN, TOR"
2023-11-11,7:30 PM,WSH,NYI,"2023-11-11 - WSH, NYI"
2023-11-11,7:30 PM,BUF,PIT,"2023-11-11 - BUF, PIT"
2023-11-11,8:00 PM,ARI,NSH,"2023-11-11 - ARI, NSH"
2023-11-11,9:00 PM,STL,COL,"2023-11-11 - STL, COL"
2023-11-11,10:00 PM,EDM,SEA,"2023-11-11 - EDM, SEA"
2023-11-11,10:30 PM,PHI,LA,"2023-11-11 - PHI, LA"
2023-11-12,1:00 PM,CHI,FLA,"2023-11-12 - CHI, FLA"
2023-11-12,6:00 PM,DAL,MIN,"2023-11-12 - DAL, MIN"
2023-11-12,7:00 PM,VAN,MTL,"2023-11-12 - VAN, MTL"
2023-11-12,7:00 PM,CBJ,NYR,"2023-11-12 - CBJ, NYR"
2023-11-12,8:00 PM,SJ,ANA,"2023-11-12 - SJ, ANA"
2023-11-13,8:30 PM,NYI,EDM,"2023-11-13 - NYI, EDM"
2023-11-13,10:00 PM,COL,SEA,"2023-11-13 - COL, SEA"
2023-11-14,7:00 PM,BOS,BUF,"2023-11-14 - BOS, BUF"
2023-11-14,7:00 PM,PIT,CBJ,"2023-11-14 - PIT, CBJ"
2023-11-14,7:00 PM,CGY,MTL,"2023-11-14 - CGY, MTL"
2023-11-14,7:00 PM,VGK,WSH,"2023-11-14 - VGK, WSH"
2023-11-14,8:00 PM,ARI,DAL,"2023-11-14 - ARI, DAL"
2023-11-14,8:00 PM,ANA,NSH,"2023-11-14 - ANA, NSH"
2023-11-14,8:00 PM,TB,STL,"2023-11-14 - TB, STL"
2023-11-14,8:00 PM,NJ,WPG,"2023-11-14 - NJ, WPG"
2023-11-14,10:30 PM,FLA,SJ,"2023-11-14 - FLA, SJ"
2023-11-15,7:30 PM,PHI,CAR,"2023-11-15 - PHI, CAR"
2023-11-15,8:30 PM,SEA,EDM,"2023-11-15 - SEA, EDM"
2023-11-15,9:00 PM,ANA,COL,"2023-11-15 - ANA, COL"
2023-11-15,10:30 PM,NYI,VAN,"2023-11-15 - NYI, VAN"
2023-11-16,2:00 PM,DET,OTT,"2023-11-16 - DET, OTT"
2023-11-16,7:00 PM,ARI,CBJ,"2023-11-16 - ARI, CBJ"
2023-11-16,7:00 PM,VGK,MTL,"2023-11-16 - VGK, MTL"
2023-11-16,7:00 PM,NJ,PIT,"2023-11-16 - NJ, PIT"
2023-11-16,8:30 PM,TB,CHI,"2023-11-16 - TB, CHI"
2023-11-16,9:00 PM,VAN,CGY,"2023-11-16 - VAN, CGY"
2023-11-16,10:00 PM,NYI,SEA,"2023-11-16 - NYI, SEA"
2023-11-16,10:30 PM,FLA,LA,"2023-11-16 - FLA, LA"
2023-11-16,10:30 PM,STL,SJ,"2023-11-16 - STL, SJ"
2023-11-17,2:00 PM,TOR,DET,"2023-11-17 - TOR, DET"
2023-11-17,8:00 PM,BUF,WPG,"2023-11-17 - BUF, WPG"
2023-11-17,10:00 PM,FLA,ANA,"2023-11-17 - FLA, ANA"
2023-11-18,11:00 AM,MIN,OTT,"2023-11-18 - MIN, OTT"
2023-11-18,1:00 PM,VGK,PHI,"2023-11-18 - VGK, PHI"
2023-11-18,2:00 PM,CHI,NSH,"2023-11-18 - CHI, NSH"
2023-11-18,4:00 PM,EDM,TB,"2023-11-18 - EDM, TB"
2023-11-18,7:00 PM,MTL,BOS,"2023-11-18 - MTL, BOS"
2023-11-18,7:00 PM,PIT,CAR,"2023-11-18 - PIT, CAR"
2023-11-18,7:00 PM,NYI,CGY,"2023-11-18 - NYI, CGY"
2023-11-18,7:00 PM,NYR,NJ,"2023-11-18 - NYR, NJ"
2023-11-18,7:00 PM,ARI,WPG,"2023-11-18 - ARI, WPG"
2023-11-18,7:30 PM,CBJ,WSH,"2023-11-18 - CBJ, WSH"
2023-11-18,9:00 PM,COL,DAL,"2023-11-18 - COL, DAL"
2023-11-18,10:00 PM,SEA,VAN,"2023-11-18 - SEA, VAN"
2023-11-18,10:30 PM,STL,LA,"2023-11-18 - STL, LA"
2023-11-19,8:00 AM,TOR,MIN,"2023-11-19 - TOR, MIN"
2023-11-19,5:30 PM,CBJ,PHI,"2023-11-19 - CBJ, PHI"
2023-11-19,6:00 PM,VGK,PIT,"2023-11-19 - VGK, PIT"
2023-11-19,7:00 PM,BUF,CHI,"2023-11-19 - BUF, CHI"
2023-11-19,8:00 PM,STL,ANA,"2023-11-19 - STL, ANA"
2023-11-20,7:00 PM,EDM,FLA,"2023-11-20 - EDM, FLA"
2023-11-20,7:00 PM,BOS,TB,"2023-11-20 - BOS, TB"
2023-11-20,8:00 PM,NYR,DAL,"2023-11-20 - NYR, DAL"
2023-11-20,8:00 PM,COL,NSH,"2023-11-20 - COL, NSH"
2023-11-20,9:00 PM,LA,ARI,"2023-11-20 - LA, ARI"
2023-11-20,10:00 PM,CGY,SEA,"2023-11-20 - CGY, SEA"
2023-11-20,10:00 PM,SJ,VAN,"2023-11-20 - SJ, VAN"
2023-11-22,7:00 PM,EDM,CAR,"2023-11-22 - EDM, CAR"
2023-11-22,7:00 PM,CHI,CBJ,"2023-11-22 - CHI, CBJ"
2023-11-22,7:00 PM,NJ,DET,"2023-11-22 - NJ, DET"
2023-11-22,7:00 PM,BOS,FLA,"2023-11-22 - BOS, FLA"
2023-11-22,7:00 PM,NYR,PIT,"2023-11-22 - NYR, PIT"
2023-11-22,7:00 PM,WPG,TB,"2023-11-22 - WPG, TB"
2023-11-22,7:00 PM,BUF,WSH,"2023-11-22 - BUF, WSH"
2023-11-22,7:30 PM,PHI,NYI,"2023-11-22 - PHI, NYI"
2023-11-22,9:00 PM,STL,ARI,"2023-11-22 - STL, ARI"
2023-11-22,9:00 PM,CGY,NSH,"2023-11-22 - CGY, NSH"
2023-11-22,9:30 PM,VGK,DAL,"2023-11-22 - VGK, DAL"
2023-11-22,10:00 PM,MTL,ANA,"2023-11-22 - MTL, ANA"
2023-11-22,10:00 PM,VAN,COL,"2023-11-22 - VAN, COL"
2023-11-22,10:00 PM,SJ,SEA,"2023-11-22 - SJ, SEA"
2023-11-24,1:00 PM,DET,BOS,"2023-11-24 - DET, BOS"
2023-11-24,1:00 PM,NYR,PHI,"2023-11-24 - NYR, PHI"
2023-11-24,2:00 PM,TOR,CHI,"2023-11-24 - TOR, CHI"
2023-11-24,3:00 PM,CBJ,NJ,"2023-11-24 - CBJ, NJ"
2023-11-24,3:00 PM,NSH,STL,"2023-11-24 - NSH, STL"
2023-11-24,3:00 PM,EDM,WSH,"2023-11-24 - EDM, WSH"
2023-11-24,3:30 PM,LA,ANA,"2023-11-24 - LA, ANA"
2023-11-24,3:30 PM,MTL,SJ,"2023-11-24 - MTL, SJ"
2023-11-24,6:00 PM,PIT,BUF,"2023-11-24 - PIT, BUF"
2023-11-24,7:30 PM,NYI,OTT,"2023-11-24 - NYI, OTT"
2023-11-24,8:00 PM,TB,CAR,"2023-11-24 - TB, CAR"
2023-11-24,8:00 PM,WPG,FLA,"2023-11-24 - WPG, FLA"
2023-11-24,8:30 PM,CGY,DAL,"2023-11-24 - CGY, DAL"
2023-11-24,8:30 PM,COL,MIN,"2023-11-24 - COL, MIN"
2023-11-24,10:00 PM,VAN,SEA,"2023-11-24 - VAN, SEA"
2023-11-25,1:00 PM,BOS,NYR,"2023-11-25 - BOS, NYR"
2023-11-25,4:00 PM,MTL,LA,"2023-11-25 - MTL, LA"
2023-11-25,7:00 PM,BUF,NJ,"2023-11-25 - BUF, NJ"
2023-11-25,7:00 PM,TOR,PIT,"2023-11-25 - TOR, PIT"
2023-11-25,7:30 PM,PHI,NYI,"2023-11-25 - PHI, NYI"
2023-11-25,10:00 PM,CGY,COL,"2023-11-25 - CGY, COL"
2023-11-25,10:00 PM,VAN,SJ,"2023-11-25 - VAN, SJ"
2023-11-25,10:00 PM,ARI,VGK,"2023-11-25 - ARI, VGK"
2023-11-26,1:00 PM,MIN,DET,"2023-11-26 - MIN, DET"
2023-11-26,2:00 PM,STL,CHI,"2023-11-26 - STL, CHI"
2023-11-26,5:00 PM,CBJ,CAR,"2023-11-26 - CBJ, CAR"
2023-11-26,8:00 PM,WPG,NSH,"2023-11-26 - WPG, NSH"
2023-11-26,9:00 PM,ANA,EDM,"2023-11-26 - ANA, EDM"
2023-11-27,7:00 PM,BOS,CBJ,"2023-11-27 - BOS, CBJ"
2023-11-27,7:00 PM,BUF,NYR,"2023-11-27 - BUF, NYR"
2023-11-27,7:00 PM,FLA,OTT,"2023-11-27 - FLA, OTT"
2023-11-27,9:00 PM,TB,COL,"2023-11-27 - TB, COL"
2023-11-27,9:30 PM,VGK,CGY,"2023-11-27 - VGK, CGY"
2023-11-27,10:30 PM,WSH,SJ,"2023-11-27 - WSH, SJ"
2023-11-28,7:00 PM,NYI,NJ,"2023-11-28 - NYI, NJ"
2023-11-28,7:00 PM,CAR,PHI,"2023-11-28 - CAR, PHI"
2023-11-28,7:00 PM,FLA,TOR,"2023-11-28 - FLA, TOR"
2023-11-28,8:00 PM,STL,MIN,"2023-11-28 - STL, MIN"
2023-11-28,8:00 PM,PIT,NSH,"2023-11-28 - PIT, NSH"
2023-11-28,8:00 PM,DAL,WPG,"2023-11-28 - DAL, WPG"
2023-11-28,8:30 PM,SEA,CHI,"2023-11-28 - SEA, CHI"
2023-11-28,9:00 PM,TB,ARI,"2023-11-28 - TB, ARI"
2023-11-28,9:00 PM,VGK,EDM,"2023-11-28 - VGK, EDM"
2023-11-28,10:00 PM,ANA,VAN,"2023-11-28 - ANA, VAN"
2023-11-29,7:00 PM,MTL,CBJ,"2023-11-29 - MTL, CBJ"
2023-11-29,7:30 PM,DET,NYR,"2023-11-29 - DET, NYR"
2023-11-29,10:30 PM,WSH,LA,"2023-11-29 - WSH, LA"
2023-11-30,7:00 PM,SJ,BOS,"2023-11-30 - SJ, BOS"
2023-11-30,7:00 PM,NYI,CAR,"2023-11-30 - NYI, CAR"
2023-11-30,7:00 PM,CHI,DET,"2023-11-30 - CHI, DET"
2023-11-30,7:00 PM,FLA,MTL,"2023-11-30 - FLA, MTL"
2023-11-30,7:00 PM,NJ,PHI,"2023-11-30 - NJ, PHI"
2023-11-30,7:00 PM,PIT,TB,"2023-11-30 - PIT, TB"
2023-11-30,7:00 PM,SEA,TOR,"2023-11-30 - SEA, TOR"
2023-11-30,8:00 PM,MIN,NSH,"2023-11-30 - MIN, NSH"
2023-11-30,8:00 PM,BUF,STL,"2023-11-30 - BUF, STL"
2023-11-30,8:00 PM,EDM,WPG,"2023-11-30 - EDM, WPG"
2023-11-30,9:00 PM,COL,ARI,"2023-11-30 - COL, ARI"
2023-11-30,9:00 PM,DAL,CGY,"2023-11-30 - DAL, CGY"
2023-11-30,10:00 PM,WSH,ANA,"2023-11-30 - WSH, ANA"
2023-11-30,10:00 PM,VGK,VAN,"2023-11-30 - VGK, VAN"
2023-12-01,7:00 PM,OTT,CBJ,"2023-12-01 - OTT, CBJ"
2023-12-01,7:00 PM,SJ,NJ,"2023-12-01 - SJ, NJ"
2023-12-02,2:00 PM,TB,DAL,"2023-12-02 - TB, DAL"
2023-12-02,3:00 PM,CHI,WPG,"2023-12-02 - CHI, WPG"
2023-12-02,4:30 PM,NYR,NSH,"2023-12-02 - NYR, NSH"
2023-12-02,6:00 PM,NYI,FLA,"2023-12-02 - NYI, FLA"
2023-12-02,7:00 PM,BUF,CAR,"2023-12-02 - BUF, CAR"
2023-12-02,7:00 PM,DET,MTL,"2023-12-02 - DET, MTL"
2023-12-02,7:00 PM,SEA,OTT,"2023-12-02 - SEA, OTT"
2023-12-02,7:00 PM,PHI,PIT,"2023-12-02 - PHI, PIT"
2023-12-02,7:00 PM,BOS,TOR,"2023-12-02 - BOS, TOR"
2023-12-02,9:00 PM,STL,ARI,"2023-12-02 - STL, ARI"
2023-12-02,10:00 PM,COL,ANA,"2023-12-02 - COL, ANA"
2023-12-02,10:00 PM,VAN,CGY,"2023-12-02 - VAN, CGY"
2023-12-02,10:00 PM,WSH,VGK,"2023-12-02 - WSH, VGK"
2023-12-03,2:00 PM,CHI,MIN,"2023-12-03 - CHI, MIN"
2023-12-03,6:00 PM,SJ,NYR,"2023-12-03 - SJ, NYR"
2023-12-03,7:00 PM,CBJ,BOS,"2023-12-03 - CBJ, BOS"
2023-12-03,7:00 PM,NSH,BUF,"2023-12-03 - NSH, BUF"
2023-12-03,8:00 PM,COL,LA,"2023-12-03 - COL, LA"
2023-12-04,7:00 PM,PIT,PHI,"2023-12-04 - PIT, PHI"
2023-12-04,7:00 PM,DAL,TB,"2023-12-04 - DAL, TB"
2023-12-04,7:30 PM,SEA,MTL,"2023-12-04 - SEA, MTL"
2023-12-04,7:30 PM,CAR,WPG,"2023-12-04 - CAR, WPG"
2023-12-04,9:00 PM,WSH,ARI,"2023-12-04 - WSH, ARI"
2023-12-04,10:00 PM,STL,VGK,"2023-12-04 - STL, VGK"
2023-12-05,7:00 PM,DET,BUF,"2023-12-05 - DET, BUF"
2023-12-05,7:00 PM,LA,CBJ,"2023-12-05 - LA, CBJ"
2023-12-05,7:00 PM,NYR,OTT,"2023-12-05 - NYR, OTT"
2023-12-05,7:30 PM,SJ,NYI,"2023-12-05 - SJ, NYI"
2023-12-05,8:30 PM,NSH,CHI,"2023-12-05 - NSH, CHI"
2023-12-05,9:00 PM,MIN,CGY,"2023-12-05 - MIN, CGY"
2023-12-05,9:00 PM,ANA,COL,"2023-12-05 - ANA, COL"
2023-12-05,10:00 PM,NJ,VAN,"2023-12-05 - NJ, VAN"
2023-12-06,7:00 PM,DAL,FLA,"2023-12-06 - DAL, FLA"
2023-12-06,7:00 PM,PIT,TB,"2023-12-06 - PIT, TB"
2023-12-06,9:00 PM,VGK,STL,"2023-12-06 - VGK, STL"
2023-12-06,9:30 PM,CAR,EDM,"2023-12-06 - CAR, EDM"
2023-12-07,7:00 PM,BUF,BOS,"2023-12-07 - BUF, BOS"
2023-12-07,7:00 PM,SJ,DET,"2023-12-07 - SJ, DET"
2023-12-07,7:00 PM,LA,MTL,"2023-12-07 - LA, MTL"
2023-12-07,7:00 PM,TOR,OTT,"2023-12-07 - TOR, OTT"
2023-12-07,7:00 PM,DAL,WSH,"2023-12-07 - DAL, WSH"
2023-12-07,7:30 PM,CBJ,NYI,"2023-12-07 - CBJ, NYI"
2023-12-07,8:00 PM,TB,NSH,"2023-12-07 - TB, NSH"
2023-12-07,8:30 PM,ANA,CHI,"2023-12-07 - ANA, CHI"
2023-12-07,9:00 PM,PHI,ARI,"2023-12-07 - PHI, ARI"
2023-12-07,9:00 PM,CAR,CGY,"2023-12-07 - CAR, CGY"
2023-12-07,9:00 PM,WPG,COL,"2023-12-07 - WPG, COL"
2023-12-07,10:00 PM,NJ,SEA,"2023-12-07 - NJ, SEA"
2023-12-07,10:00 PM,MIN,VAN,"2023-12-07 - MIN, VAN"
2023-12-08,7:00 PM,STL,CBJ,"2023-12-08 - STL, CBJ"
2023-12-08,7:00 PM,PIT,FLA,"2023-12-08 - PIT, FLA"
2023-12-08,9:00 PM,MIN,EDM,"2023-12-08 - MIN, EDM"
2023-12-09,1:00 PM,ARI,BOS,"2023-12-09 - ARI, BOS"
2023-12-09,4:00 PM,NJ,CGY,"2023-12-09 - NJ, CGY"
2023-12-09,4:00 PM,VGK,DAL,"2023-12-09 - VGK, DAL"
2023-12-09,7:00 PM,MTL,BUF,"2023-12-09 - MTL, BUF"
2023-12-09,7:00 PM,OTT,DET,"2023-12-09 - OTT, DET"
2023-12-09,7:00 PM,NSH,TOR,"2023-12-09 - NSH, TOR"
2023-12-09,7:00 PM,NYR,WSH,"2023-12-09 - NYR, WSH"
2023-12-09,7:30 PM,LA,NYI,"2023-12-09 - LA, NYI"
2023-12-09,8:00 PM,STL,CHI,"2023-12-09 - STL, CHI"
2023-12-09,9:00 PM,PHI,COL,"2023-12-09 - PHI, COL"
2023-12-09,10:00 PM,TB,SEA,"2023-12-09 - TB, SEA"
2023-12-09,10:00 PM,CAR,VAN,"2023-12-09 - CAR, VAN"
2023-12-10,1:00 PM,FLA,CBJ,"2023-12-10 - FLA, CBJ"
2023-12-10,4:00 PM,NJ,EDM,"2023-12-10 - NJ, EDM"
2023-12-10,7:00 PM,WSH,CHI,"2023-12-10 - WSH, CHI"
2023-12-10,7:00 PM,NSH,MTL,"2023-12-10 - NSH, MTL"
2023-12-10,7:00 PM,LA,NYR,"2023-12-10 - LA, NYR"
2023-12-10,8:00 PM,WPG,ANA,"2023-12-10 - WPG, ANA"
2023-12-10,9:00 PM,MIN,SEA,"2023-12-10 - MIN, SEA"
2023-12-10,10:00 PM,SJ,VGK,"2023-12-10 - SJ, VGK"
2023-12-11,7:00 PM,ARI,BUF,"2023-12-11 - ARI, BUF"
2023-12-11,7:00 PM,TOR,NYI,"2023-12-11 - TOR, NYI"
2023-12-11,8:00 PM,DET,DAL,"2023-12-11 - DET, DAL"
2023-12-11,9:30 PM,CGY,COL,"2023-12-11 - CGY, COL"
2023-12-12,7:00 PM,TOR,NYR,"2023-12-12 - TOR, NYR"
2023-12-12,7:00 PM,CAR,OTT,"2023-12-12 - CAR, OTT"
2023-12-12,7:00 PM,ARI,PIT,"2023-12-12 - ARI, PIT"
2023-12-12,8:00 PM,PHI,NSH,"2023-12-12 - PHI, NSH"
2023-12-12,8:00 PM,DET,STL,"2023-12-12 - DET, STL"
2023-12-12,10:00 PM,CHI,EDM,"2023-12-12 - CHI, EDM"
2023-12-12,10:00 PM,FLA,SEA,"2023-12-12 - FLA, SEA"
2023-12-12,10:00 PM,TB,VAN,"2023-12-12 - TB, VAN"
2023-12-12,10:00 PM,CGY,VGK,"2023-12-12 - CGY, VGK"
2023-12-12,10:30 PM,WPG,SJ,"2023-12-12 - WPG, SJ"
2023-12-13,7:00 PM,PIT,MTL,"2023-12-13 - PIT, MTL"
2023-12-13,7:30 PM,BOS,NJ,"2023-12-13 - BOS, NJ"
2023-12-13,7:30 PM,ANA,NYI,"2023-12-13 - ANA, NYI"
2023-12-13,10:00 PM,BUF,COL,"2023-12-13 - BUF, COL"
2023-12-13,10:30 PM,WPG,LA,"2023-12-13 - WPG, LA"
2023-12-14,7:00 PM,CAR,DET,"2023-12-14 - CAR, DET"
2023-12-14,7:00 PM,WSH,PHI,"2023-12-14 - WSH, PHI"
2023-12-14,7:00 PM,CBJ,TOR,"2023-12-14 - CBJ, TOR"
2023-12-14,8:00 PM,CGY,MIN,"2023-12-14 - CGY, MIN"
2023-12-14,8:00 PM,OTT,STL,"2023-12-14 - OTT, STL"
2023-12-14,9:00 PM,TB,EDM,"2023-12-14 - TB, EDM"
2023-12-14,10:00 PM,CHI,SEA,"2023-12-14 - CHI, SEA"
2023-12-14,10:00 PM,FLA,VAN,"2023-12-14 - FLA, VAN"
2023-12-15,7:00 PM,NSH,CAR,"2023-12-15 - NSH, CAR"
2023-12-15,7:00 PM,ANA,NYR,"2023-12-15 - ANA, NYR"
2023-12-15,7:30 PM,BOS,NYI,"2023-12-15 - BOS, NYI"
2023-12-15,8:00 PM,OTT,DAL,"2023-12-15 - OTT, DAL"
2023-12-15,9:00 PM,SJ,ARI,"2023-12-15 - SJ, ARI"
2023-12-15,10:00 PM,BUF,VGK,"2023-12-15 - BUF, VGK"
2023-12-16,2:00 PM,VAN,MIN,"2023-12-16 - VAN, MIN"
2023-12-16,7:00 PM,NYR,BOS,"2023-12-16 - NYR, BOS"
2023-12-16,7:00 PM,NJ,CBJ,"2023-12-16 - NJ, CBJ"
2023-12-16,7:00 PM,NYI,MTL,"2023-12-16 - NYI, MTL"
2023-12-16,7:00 PM,DET,PHI,"2023-12-16 - DET, PHI"
2023-12-16,7:00 PM,PIT,TOR,"2023-12-16 - PIT, TOR"
2023-12-16,7:00 PM,COL,WPG,"2023-12-16 - COL, WPG"
2023-12-16,8:00 PM,WSH,NSH,"2023-12-16 - WSH, NSH"
2023-12-16,8:00 PM,DAL,STL,"2023-12-16 - DAL, STL"
2023-12-16,9:00 PM,BUF,ARI,"2023-12-16 - BUF, ARI"
2023-12-16,10:00 PM,TB,CGY,"2023-12-16 - TB, CGY"
2023-12-16,10:00 PM,FLA,EDM,"2023-12-16 - FLA, EDM"
2023-12-16,10:00 PM,LA,SEA,"2023-12-16 - LA, SEA"
2023-12-17,3:00 PM,VAN,CHI,"2023-12-17 - VAN, CHI"
2023-12-17,6:00 PM,WSH,CAR,"2023-12-17 - WSH, CAR"
2023-12-17,7:00 PM,ANA,NJ,"2023-12-17 - ANA, NJ"
2023-12-17,8:00 PM,SJ,COL,"2023-12-17 - SJ, COL"
2023-12-17,8:00 PM,OTT,VGK,"2023-12-17 - OTT, VGK"
2023-12-18,7:00 PM,ANA,DET,"2023-12-18 - ANA, DET"
2023-12-18,7:00 PM,MIN,PIT,"2023-12-18 - MIN, PIT"
2023-12-18,7:30 PM,MTL,WPG,"2023-12-18 - MTL, WPG"
2023-12-18,8:00 PM,SEA,DAL,"2023-12-18 - SEA, DAL"
2023-12-18,9:30 PM,FLA,CGY,"2023-12-18 - FLA, CGY"
2023-12-19,7:00 PM,MIN,BOS,"2023-12-19 - MIN, BOS"
2023-12-19,7:00 PM,CBJ,BUF,"2023-12-19 - CBJ, BUF"
2023-12-19,7:00 PM,VGK,CAR,"2023-12-19 - VGK, CAR"
2023-12-19,7:00 PM,PHI,NJ,"2023-12-19 - PHI, NJ"
2023-12-19,7:00 PM,STL,TB,"2023-12-19 - STL, TB"
2023-12-19,7:00 PM,NYR,TOR,"2023-12-19 - NYR, TOR"
2023-12-19,7:30 PM,EDM,NYI,"2023-12-19 - EDM, NYI"
2023-12-19,8:00 PM,VAN,NSH,"2023-12-19 - VAN, NSH"
2023-12-19,8:30 PM,COL,CHI,"2023-12-19 - COL, CHI"
2023-12-19,9:00 PM,OTT,ARI,"2023-12-19 - OTT, ARI"
2023-12-19,10:30 PM,LA,SJ,"2023-12-19 - LA, SJ"
2023-12-20,7:30 PM,DET,WPG,"2023-12-20 - DET, WPG"
2023-12-20,7:30 PM,NYI,WSH,"2023-12-20 - NYI, WSH"
2023-12-20,10:00 PM,SEA,LA,"2023-12-20 - SEA, LA"
2023-12-21,7:00 PM,TOR,BUF,"2023-12-21 - TOR, BUF"
2023-12-21,7:00 PM,WSH,CBJ,"2023-12-21 - WSH, CBJ"
2023-12-21,7:00 PM,STL,FLA,"2023-12-21 - STL, FLA"
2023-12-21,7:00 PM,EDM,NJ,"2023-12-21 - EDM, NJ"
2023-12-21,7:00 PM,NSH,PHI,"2023-12-21 - NSH, PHI"
2023-12-21,7:00 PM,CAR,PIT,"2023-12-21 - CAR, PIT"
2023-12-21,7:00 PM,VGK,TB,"2023-12-21 - VGK, TB"
2023-12-21,8:00 PM,VAN,DAL,"2023-12-21 - VAN, DAL"
2023-12-21,8:00 PM,MTL,MIN,"2023-12-21 - MTL, MIN"
2023-12-21,9:00 PM,OTT,COL,"2023-12-21 - OTT, COL"
2023-12-21,10:00 PM,CGY,ANA,"2023-12-21 - CGY, ANA"
2023-12-21,10:30 PM,ARI,SJ,"2023-12-21 - ARI, SJ"
2023-12-22,7:00 PM,PHI,DET,"2023-12-22 - PHI, DET"
2023-12-22,7:00 PM,EDM,NYR,"2023-12-22 - EDM, NYR"
2023-12-22,8:00 PM,BOS,WPG,"2023-12-22 - BOS, WPG"
2023-12-22,8:30 PM,MTL,CHI,"2023-12-22 - MTL, CHI"
2023-12-23,3:00 PM,VGK,FLA,"2023-12-23 - VGK, FLA"
2023-12-23,3:00 PM,DAL,NSH,"2023-12-23 - DAL, NSH"
2023-12-23,7:00 PM,NYI,CAR,"2023-12-23 - NYI, CAR"
2023-12-23,7:00 PM,TOR,CBJ,"2023-12-23 - TOR, CBJ"
2023-12-23,7:00 PM,BOS,MIN,"2023-12-23 - BOS, MIN"
2023-12-23,7:00 PM,DET,NJ,"2023-12-23 - DET, NJ"
2023-12-23,7:00 PM,PIT,OTT,"2023-12-23 - PIT, OTT"
2023-12-23,7:00 PM,TB,WSH,"2023-12-23 - TB, WSH"
2023-12-23,7:30 PM,BUF,NYR,"2023-12-23 - BUF, NYR"
2023-12-23,8:00 PM,SEA,ANA,"2023-12-23 - SEA, ANA"
2023-12-23,8:00 PM,CHI,STL,"2023-12-23 - CHI, STL"
2023-12-23,9:00 PM,ARI,COL,"2023-12-23 - ARI, COL"
2023-12-23,10:00 PM,CGY,LA,"2023-12-23 - CGY, LA"
2023-12-23,10:00 PM,SJ,VAN,"2023-12-23 - SJ, VAN"
2023-12-27,7:00 PM,CBJ,NJ,"2023-12-27 - CBJ, NJ"
2023-12-27,7:00 PM,WSH,NYR,"2023-12-27 - WSH, NYR"
2023-12-27,7:00 PM,FLA,TB,"2023-12-27 - FLA, TB"
2023-12-27,7:00 PM,OTT,TOR,"2023-12-27 - OTT, TOR"
2023-12-27,7:30 PM,BOS,BUF,"2023-12-27 - BOS, BUF"
2023-12-27,7:30 PM,PIT,NYI,"2023-12-27 - PIT, NYI"
2023-12-27,8:00 PM,DET,MIN,"2023-12-27 - DET, MIN"
2023-12-27,8:00 PM,CAR,NSH,"2023-12-27 - CAR, NSH"
2023-12-27,8:00 PM,DAL,STL,"2023-12-27 - DAL, STL"
2023-12-27,9:00 PM,COL,ARI,"2023-12-27 - COL, ARI"
2023-12-27,9:00 PM,WPG,CHI,"2023-12-27 - WPG, CHI"
2023-12-27,9:30 PM,SEA,CGY,"2023-12-27 - SEA, CGY"
2023-12-27,10:00 PM,VGK,ANA,"2023-12-27 - VGK, ANA"
2023-12-27,10:00 PM,SJ,LA,"2023-12-27 - SJ, LA"
2023-12-28,7:00 PM,MTL,CAR,"2023-12-28 - MTL, CAR"
2023-12-28,10:00 PM,PHI,VAN,"2023-12-28 - PHI, VAN"
2023-12-28,10:00 PM,LA,VGK,"2023-12-28 - LA, VGK"
2023-12-28,10:30 PM,EDM,SJ,"2023-12-28 - EDM, SJ"
2023-12-29,7:00 PM,TOR,CBJ,"2023-12-29 - TOR, CBJ"
2023-12-29,7:00 PM,NSH,DET,"2023-12-29 - NSH, DET"
2023-12-29,7:00 PM,NYR,FLA,"2023-12-29 - NYR, FLA"
2023-12-29,7:00 PM,NJ,OTT,"2023-12-29 - NJ, OTT"
2023-12-29,7:30 PM,WSH,NYI,"2023-12-29 - WSH, NYI"
2023-12-29,8:00 PM,CHI,DAL,"2023-12-29 - CHI, DAL"
2023-12-29,8:00 PM,COL,STL,"2023-12-29 - COL, STL"
2023-12-29,10:00 PM,ARI,ANA,"2023-12-29 - ARI, ANA"
2023-12-29,10:00 PM,PHI,SEA,"2023-12-29 - PHI, SEA"
2023-12-30,3:00 PM,MIN,WPG,"2023-12-30 - MIN, WPG"
2023-12-30,5:00 PM,CBJ,BUF,"2023-12-30 - CBJ, BUF"
2023-12-30,7:00 PM,NJ,BOS,"2023-12-30 - NJ, BOS"
2023-12-30,7:00 PM,MTL,FLA,"2023-12-30 - MTL, FLA"
2023-12-30,7:00 PM,STL,PIT,"2023-12-30 - STL, PIT"
2023-12-30,7:00 PM,NYR,TB,"2023-12-30 - NYR, TB"
2023-12-30,7:00 PM,CAR,TOR,"2023-12-30 - CAR, TOR"
2023-12-30,7:00 PM,NSH,WSH,"2023-12-30 - NSH, WSH"
2023-12-30,10:00 PM,EDM,LA,"2023-12-30 - EDM, LA"
2023-12-31,2:00 PM,WPG,MIN,"2023-12-31 - WPG, MIN"
2023-12-31,5:00 PM,BOS,DET,"2023-12-31 - BOS, DET"
2023-12-31,6:00 PM,BUF,OTT,"2023-12-31 - BUF, OTT"
2023-12-31,6:00 PM,NYI,PIT,"2023-12-31 - NYI, PIT"
2023-12-31,7:00 PM,MTL,TB,"2023-12-31 - MTL, TB"
2023-12-31,8:00 PM,EDM,ANA,"2023-12-31 - EDM, ANA"
2023-12-31,8:00 PM,PHI,CGY,"2023-12-31 - PHI, CGY"
2023-12-31,8:00 PM,SJ,COL,"2023-12-31 - SJ, COL"
2023-12-31,8:00 PM,CHI,DAL,"2023-12-31 - CHI, DAL"
2024-01-01,3:00 PM,VGK,SEA,"2024-01-01 - VGK, SEA"
2024-01-02,7:00 PM,BOS,CBJ,"2024-01-02 - BOS, CBJ"
2024-01-02,7:00 PM,CAR,NYR,"2024-01-02 - CAR, NYR"
2024-01-02,7:00 PM,WSH,PIT,"2024-01-02 - WSH, PIT"
2024-01-02,8:00 PM,MTL,DAL,"2024-01-02 - MTL, DAL"
2024-01-02,8:00 PM,CGY,MIN,"2024-01-02 - CGY, MIN"
2024-01-02,8:00 PM,CHI,NSH,"2024-01-02 - CHI, NSH"
2024-01-02,8:00 PM,TB,WPG,"2024-01-02 - TB, WPG"
2024-01-02,9:00 PM,FLA,ARI,"2024-01-02 - FLA, ARI"
2024-01-02,9:00 PM,NYI,COL,"2024-01-02 - NYI, COL"
2024-01-02,9:00 PM,PHI,EDM,"2024-01-02 - PHI, EDM"
2024-01-02,10:00 PM,OTT,VAN,"2024-01-02 - OTT, VAN"
2024-01-02,10:30 PM,TOR,LA,"2024-01-02 - TOR, LA"
2024-01-02,10:30 PM,DET,SJ,"2024-01-02 - DET, SJ"
2024-01-03,7:30 PM,NJ,WSH,"2024-01-03 - NJ, WSH"
2024-01-03,9:00 PM,TOR,ANA,"2024-01-03 - TOR, ANA"
2024-01-04,7:00 PM,PIT,BOS,"2024-01-04 - PIT, BOS"
2024-01-04,7:00 PM,BUF,MTL,"2024-01-04 - BUF, MTL"
2024-01-04,7:00 PM,CHI,NYR,"2024-01-04 - CHI, NYR"
2024-01-04,7:00 PM,CBJ,PHI,"2024-01-04 - CBJ, PHI"
2024-01-04,8:00 PM,COL,DAL,"2024-01-04 - COL, DAL"
2024-01-04,8:00 PM,TB,MIN,"2024-01-04 - TB, MIN"
2024-01-04,8:00 PM,CGY,NSH,"2024-01-04 - CGY, NSH"
2024-01-04,8:00 PM,VAN,STL,"2024-01-04 - VAN, STL"
2024-01-04,9:00 PM,NYI,ARI,"2024-01-04 - NYI, ARI"
2024-01-04,10:00 PM,OTT,SEA,"2024-01-04 - OTT, SEA"
2024-01-04,10:00 PM,FLA,VGK,"2024-01-04 - FLA, VGK"
2024-01-04,10:30 PM,DET,LA,"2024-01-04 - DET, LA"
2024-01-04,10:30 PM,WPG,SJ,"2024-01-04 - WPG, SJ"
2024-01-05,7:00 PM,CHI,NJ,"2024-01-05 - CHI, NJ"
2024-01-05,7:00 PM,CAR,WSH,"2024-01-05 - CAR, WSH"
2024-01-05,10:00 PM,WPG,ANA,"2024-01-05 - WPG, ANA"
2024-01-06,1:00 PM,CGY,PHI,"2024-01-06 - CGY, PHI"
2024-01-06,4:00 PM,FLA,COL,"2024-01-06 - FLA, COL"
2024-01-06,7:00 PM,TB,BOS,"2024-01-06 - TB, BOS"
2024-01-06,7:00 PM,STL,CAR,"2024-01-06 - STL, CAR"
2024-01-06,7:00 PM,MIN,CBJ,"2024-01-06 - MIN, CBJ"
2024-01-06,7:00 PM,NYR,MTL,"2024-01-06 - NYR, MTL"
2024-01-06,7:00 PM,VAN,NJ,"2024-01-06 - VAN, NJ"
2024-01-06,7:00 PM,BUF,PIT,"2024-01-06 - BUF, PIT"
2024-01-06,7:00 PM,TOR,SJ,"2024-01-06 - TOR, SJ"
2024-01-06,8:00 PM,NSH,DAL,"2024-01-06 - NSH, DAL"
2024-01-06,10:00 PM,OTT,EDM,"2024-01-06 - OTT, EDM"
2024-01-06,10:00 PM,NYI,VGK,"2024-01-06 - NYI, VGK"
2024-01-07,3:00 PM,CGY,CHI,"2024-01-07 - CGY, CHI"
2024-01-07,3:00 PM,LA,WSH,"2024-01-07 - LA, WSH"
2024-01-07,7:00 PM,WPG,ARI,"2024-01-07 - WPG, ARI"
2024-01-07,8:00 PM,DET,ANA,"2024-01-07 - DET, ANA"
2024-01-08,7:00 PM,VAN,NYR,"2024-01-08 - VAN, NYR"
2024-01-08,7:00 PM,PIT,PHI,"2024-01-08 - PIT, PHI"
2024-01-08,8:00 PM,DAL,MIN,"2024-01-08 - DAL, MIN"
2024-01-08,9:00 PM,BOS,COL,"2024-01-08 - BOS, COL"
2024-01-09,7:00 PM,SEA,BUF,"2024-01-09 - SEA, BUF"
2024-01-09,7:00 PM,LA,TB,"2024-01-09 - LA, TB"
2024-01-09,7:00 PM,SJ,TOR,"2024-01-09 - SJ, TOR"
2024-01-09,7:30 PM,VAN,NYI,"2024-01-09 - VAN, NYI"
2024-01-09,8:00 PM,ANA,NSH,"2024-01-09 - ANA, NSH"
2024-01-09,8:00 PM,FLA,STL,"2024-01-09 - FLA, STL"
2024-01-09,8:00 PM,CBJ,WPG,"2024-01-09 - CBJ, WPG"
2024-01-09,8:30 PM,EDM,CHI,"2024-01-09 - EDM, CHI"
2024-01-09,9:00 PM,BOS,ARI,"2024-01-09 - BOS, ARI"
2024-01-09,9:00 PM,OTT,CGY,"2024-01-09 - OTT, CGY"
2024-01-10,7:00 PM,MTL,PHI,"2024-01-10 - MTL, PHI"
2024-01-10,7:30 PM,MIN,DAL,"2024-01-10 - MIN, DAL"
2024-01-10,10:00 PM,VGK,COL,"2024-01-10 - VGK, COL"
2024-01-11,7:00 PM,OTT,BUF,"2024-01-11 - OTT, BUF"
2024-01-11,7:00 PM,ANA,CAR,"2024-01-11 - ANA, CAR"
2024-01-11,7:00 PM,EDM,DET,"2024-01-11 - EDM, DET"
2024-01-11,7:00 PM,LA,FLA,"2024-01-11 - LA, FLA"
2024-01-11,7:00 PM,SJ,MTL,"2024-01-11 - SJ, MTL"
2024-01-11,7:00 PM,VAN,PIT,"2024-01-11 - VAN, PIT"
2024-01-11,7:00 PM,NJ,TB,"2024-01-11 - NJ, TB"
2024-01-11,7:00 PM,SEA,WSH,"2024-01-11 - SEA, WSH"
2024-01-11,7:30 PM,TOR,NYI,"2024-01-11 - TOR, NYI"
2024-01-11,8:00 PM,NYR,STL,"2024-01-11 - NYR, STL"
2024-01-11,8:00 PM,CHI,WPG,"2024-01-11 - CHI, WPG"
2024-01-11,9:00 PM,CGY,ARI,"2024-01-11 - CGY, ARI"
2024-01-11,10:00 PM,BOS,VGK,"2024-01-11 - BOS, VGK"
2024-01-12,8:00 PM,NSH,DAL,"2024-01-12 - NSH, DAL"
2024-01-12,8:00 PM,PHI,MIN,"2024-01-12 - PHI, MIN"
2024-01-13,1:00 PM,NYR,WSH,"2024-01-13 - NYR, WSH"
2024-01-13,4:00 PM,VAN,BUF,"2024-01-13 - VAN, BUF"
2024-01-13,4:00 PM,SJ,OTT,"2024-01-13 - SJ, OTT"
2024-01-13,6:00 PM,NJ,FLA,"2024-01-13 - NJ, FLA"
2024-01-13,7:00 PM,PIT,CAR,"2024-01-13 - PIT, CAR"
2024-01-13,7:00 PM,SEA,CBJ,"2024-01-13 - SEA, CBJ"
2024-01-13,7:00 PM,LA,DET,"2024-01-13 - LA, DET"
2024-01-13,7:00 PM,EDM,MTL,"2024-01-13 - EDM, MTL"
2024-01-13,7:00 PM,ANA,TB,"2024-01-13 - ANA, TB"
2024-01-13,7:00 PM,COL,TOR,"2024-01-13 - COL, TOR"
2024-01-13,7:00 PM,PHI,WPG,"2024-01-13 - PHI, WPG"
2024-01-13,8:00 PM,DAL,CHI,"2024-01-13 - DAL, CHI"
2024-01-13,8:00 PM,ARI,MIN,"2024-01-13 - ARI, MIN"
2024-01-13,8:00 PM,NYI,NSH,"2024-01-13 - NYI, NSH"
2024-01-13,8:00 PM,BOS,STL,"2024-01-13 - BOS, STL"
2024-01-13,10:00 PM,CGY,VGK,"2024-01-13 - CGY, VGK"
2024-01-14,1:00 PM,WSH,NYR,"2024-01-14 - WSH, NYR"
2024-01-14,7:00 PM,DET,TOR,"2024-01-14 - DET, TOR"
2024-01-15,1:00 PM,NJ,BOS,"2024-01-15 - NJ, BOS"
2024-01-15,1:00 PM,SJ,BUF,"2024-01-15 - SJ, BUF"
2024-01-15,1:00 PM,VAN,CBJ,"2024-01-15 - VAN, CBJ"
2024-01-15,1:00 PM,ANA,FLA,"2024-01-15 - ANA, FLA"
2024-01-15,3:00 PM,LA,CAR,"2024-01-15 - LA, CAR"
2024-01-15,6:00 PM,NYI,MIN,"2024-01-15 - NYI, MIN"
2024-01-15,6:00 PM,SEA,PIT,"2024-01-15 - SEA, PIT"
2024-01-15,7:00 PM,COL,MTL,"2024-01-15 - COL, MTL"
2024-01-15,8:00 PM,PHI,STL,"2024-01-15 - PHI, STL"
2024-01-15,10:00 PM,NSH,VGK,"2024-01-15 - NSH, VGK"
2024-01-16,7:00 PM,SEA,NYR,"2024-01-16 - SEA, NYR"
2024-01-16,7:00 PM,COL,OTT,"2024-01-16 - COL, OTT"
2024-01-16,7:00 PM,ANA,WSH,"2024-01-16 - ANA, WSH"
2024-01-16,8:00 PM,LA,DAL,"2024-01-16 - LA, DAL"
2024-01-16,8:00 PM,NYI,WPG,"2024-01-16 - NYI, WPG"
2024-01-16,8:30 PM,SJ,CHI,"2024-01-16 - SJ, CHI"
2024-01-16,9:00 PM,ARI,CGY,"2024-01-16 - ARI, CGY"
2024-01-16,9:00 PM,TOR,EDM,"2024-01-16 - TOR, EDM"
2024-01-17,7:00 PM,DET,FLA,"2024-01-17 - DET, FLA"
2024-01-17,7:00 PM,MTL,NJ,"2024-01-17 - MTL, NJ"
2024-01-17,7:30 PM,CHI,BUF,"2024-01-17 - CHI, BUF"
2024-01-18,7:00 PM,COL,BOS,"2024-01-18 - COL, BOS"
2024-01-18,7:00 PM,MTL,OTT,"2024-01-18 - MTL, OTT"
2024-01-18,7:00 PM,DAL,PHI,"2024-01-18 - DAL, PHI"
2024-01-18,7:00 PM,MIN,TB,"2024-01-18 - MIN, TB"
2024-01-18,7:00 PM,STL,WSH,"2024-01-18 - STL, WSH"
2024-01-18,9:00 PM,TOR,CGY,"2024-01-18 - TOR, CGY"
2024-01-18,9:00 PM,SEA,EDM,"2024-01-18 - SEA, EDM"
2024-01-18,9:30 PM,NSH,LA,"2024-01-18 - NSH, LA"
2024-01-18,10:00 PM,ARI,VAN,"2024-01-18 - ARI, VAN"
2024-01-18,10:00 PM,NYR,VGK,"2024-01-18 - NYR, VGK"
2024-01-19,7:00 PM,DET,CAR,"2024-01-19 - DET, CAR"
2024-01-19,7:00 PM,NJ,CBJ,"2024-01-19 - NJ, CBJ"
2024-01-19,7:00 PM,MIN,FLA,"2024-01-19 - MIN, FLA"
2024-01-19,8:30 PM,NYI,CHI,"2024-01-19 - NYI, CHI"
2024-01-20,12:30 PM,TB,BUF,"2024-01-20 - TB, BUF"
2024-01-20,1:00 PM,COL,PHI,"2024-01-20 - COL, PHI"
2024-01-20,3:00 PM,NSH,ARI,"2024-01-20 - NSH, ARI"
2024-01-20,3:00 PM,WPG,OTT,"2024-01-20 - WPG, OTT"
2024-01-20,7:00 PM,MTL,BOS,"2024-01-20 - MTL, BOS"
2024-01-20,7:00 PM,DAL,NJ,"2024-01-20 - DAL, NJ"
2024-01-20,7:00 PM,TOR,VAN,"2024-01-20 - TOR, VAN"
2024-01-20,8:00 PM,WSH,STL,"2024-01-20 - WSH, STL"
2024-01-20,10:00 PM,EDM,CGY,"2024-01-20 - EDM, CGY"
2024-01-20,10:00 PM,ANA,SJ,"2024-01-20 - ANA, SJ"
2024-01-20,10:00 PM,PIT,VGK,"2024-01-20 - PIT, VGK"
2024-01-20,10:30 PM,NYR,LA,"2024-01-20 - NYR, LA"
2024-01-21,1:00 PM,OTT,PHI,"2024-01-21 - OTT, PHI"
2024-01-21,5:00 PM,MIN,CAR,"2024-01-21 - MIN, CAR"
2024-01-21,5:00 PM,TB,DET,"2024-01-21 - TB, DET"
2024-01-21,7:30 PM,DAL,NYI,"2024-01-21 - DAL, NYI"
2024-01-21,8:30 PM,NYR,ANA,"2024-01-21 - NYR, ANA"
2024-01-21,9:00 PM,TOR,SEA,"2024-01-21 - TOR, SEA"
2024-01-22,7:00 PM,WPG,BOS,"2024-01-22 - WPG, BOS"
2024-01-22,7:00 PM,VGK,NJ,"2024-01-22 - VGK, NJ"
2024-01-22,8:00 PM,FLA,NSH,"2024-01-22 - FLA, NSH"
2024-01-22,9:00 PM,PIT,ARI,"2024-01-22 - PIT, ARI"
2024-01-22,10:00 PM,CHI,VAN,"2024-01-22 - CHI, VAN"
2024-01-22,10:30 PM,SJ,LA,"2024-01-22 - SJ, LA"
2024-01-23,7:00 PM,DAL,DET,"2024-01-23 - DAL, DET"
2024-01-23,7:00 PM,OTT,MTL,"2024-01-23 - OTT, MTL"
2024-01-23,7:00 PM,TB,PHI,"2024-01-23 - TB, PHI"
2024-01-23,7:30 PM,VGK,NYI,"2024-01-23 - VGK, NYI"
2024-01-23,8:00 PM,WSH,MIN,"2024-01-23 - WSH, MIN"
2024-01-23,9:00 PM,STL,CGY,"2024-01-23 - STL, CGY"
2024-01-23,9:00 PM,CBJ,EDM,"2024-01-23 - CBJ, EDM"
2024-01-23,10:00 PM,BUF,ANA,"2024-01-23 - BUF, ANA"
2024-01-23,10:30 PM,NYR,SJ,"2024-01-23 - NYR, SJ"
2024-01-24,7:00 PM,ARI,FLA,"2024-01-24 - ARI, FLA"
2024-01-24,7:00 PM,WPG,TOR,"2024-01-24 - WPG, TOR"
2024-01-24,7:30 PM,CAR,BOS,"2024-01-24 - CAR, BOS"
2024-01-24,9:30 PM,WSH,COL,"2024-01-24 - WSH, COL"
2024-01-24,10:00 PM,CHI,SEA,"2024-01-24 - CHI, SEA"
2024-01-24,10:00 PM,STL,VAN,"2024-01-24 - STL, VAN"
2024-01-24,10:30 PM,BUF,LA,"2024-01-24 - BUF, LA"
2024-01-25,7:00 PM,NJ,CAR,"2024-01-25 - NJ, CAR"
2024-01-25,7:00 PM,PHI,DET,"2024-01-25 - PHI, DET"
2024-01-25,7:00 PM,NYI,MTL,"2024-01-25 - NYI, MTL"
2024-01-25,7:00 PM,BOS,OTT,"2024-01-25 - BOS, OTT"
2024-01-25,7:00 PM,ARI,TB,"2024-01-25 - ARI, TB"
2024-01-25,8:00 PM,ANA,DAL,"2024-01-25 - ANA, DAL"
2024-01-25,8:00 PM,NSH,MIN,"2024-01-25 - NSH, MIN"
2024-01-25,9:00 PM,CBJ,CGY,"2024-01-25 - CBJ, CGY"
2024-01-25,9:00 PM,CHI,EDM,"2024-01-25 - CHI, EDM"
2024-01-26,7:00 PM,VGK,NYR,"2024-01-26 - VGK, NYR"
2024-01-26,7:00 PM,FLA,PIT,"2024-01-26 - FLA, PIT"
2024-01-26,9:00 PM,LA,COL,"2024-01-26 - LA, COL"
2024-01-26,10:00 PM,STL,SEA,"2024-01-26 - STL, SEA"
2024-01-27,12:30 PM,BOS,PHI,"2024-01-27 - BOS, PHI"
2024-01-27,2:00 PM,WSH,DAL,"2024-01-27 - WSH, DAL"
2024-01-27,4:00 PM,NSH,EDM,"2024-01-27 - NSH, EDM"
2024-01-27,4:00 PM,BUF,SJ,"2024-01-27 - BUF, SJ"
2024-01-27,7:00 PM,ARI,CAR,"2024-01-27 - ARI, CAR"
2024-01-27,7:00 PM,VGK,DET,"2024-01-27 - VGK, DET"
2024-01-27,7:00 PM,NYR,OTT,"2024-01-27 - NYR, OTT"
2024-01-27,7:00 PM,MTL,PIT,"2024-01-27 - MTL, PIT"
2024-01-27,7:00 PM,NJ,TB,"2024-01-27 - NJ, TB"
2024-01-27,7:00 PM,TOR,WPG,"2024-01-27 - TOR, WPG"
2024-01-27,7:30 PM,FLA,NYI,"2024-01-27 - FLA, NYI"
2024-01-27,9:00 PM,ANA,MIN,"2024-01-27 - ANA, MIN"
2024-01-27,10:00 PM,CHI,CGY,"2024-01-27 - CHI, CGY"
2024-01-27,10:00 PM,CBJ,VAN,"2024-01-27 - CBJ, VAN"
2024-01-28,2:00 PM,LA,STL,"2024-01-28 - LA, STL"
2024-01-28,9:00 PM,CBJ,SEA,"2024-01-28 - CBJ, SEA"
2024-01-29,7:00 PM,NSH,OTT,"2024-01-29 - NSH, OTT"
2024-01-30,8:00 PM,CBJ,STL,"2024-01-30 - CBJ, STL"
2024-01-30,10:30 PM,SEA,SJ,"2024-01-30 - SEA, SJ"
2024-01-31,7:00 PM,OTT,DET,"2024-01-31 - OTT, DET"
2024-01-31,7:30 PM,LA,NSH,"2024-01-31 - LA, NSH"
2024-01-31,10:00 PM,SJ,ANA,"2024-01-31 - SJ, ANA"
2024-02-05,7:00 PM,COL,NYR,"2024-02-05 - COL, NYR"
2024-02-05,7:00 PM,NYI,TOR,"2024-02-05 - NYI, TOR"
2024-02-06,7:00 PM,CGY,BOS,"2024-02-06 - CGY, BOS"
2024-02-06,7:00 PM,DAL,BUF,"2024-02-06 - DAL, BUF"
2024-02-06,7:00 PM,VAN,CAR,"2024-02-06 - VAN, CAR"
2024-02-06,7:00 PM,PHI,FLA,"2024-02-06 - PHI, FLA"
2024-02-06,7:00 PM,COL,NJ,"2024-02-06 - COL, NJ"
2024-02-06,7:00 PM,WPG,PIT,"2024-02-06 - WPG, PIT"
2024-02-06,7:00 PM,MTL,WSH,"2024-02-06 - MTL, WSH"
2024-02-06,10:00 PM,EDM,VGK,"2024-02-06 - EDM, VGK"
2024-02-07,7:00 PM,TB,NYR,"2024-02-07 - TB, NYR"
2024-02-07,7:00 PM,DAL,TOR,"2024-02-07 - DAL, TOR"
2024-02-07,9:30 PM,MIN,CHI,"2024-02-07 - MIN, CHI"
2024-02-08,7:00 PM,VAN,BOS,"2024-02-08 - VAN, BOS"
2024-02-08,7:00 PM,WSH,FLA,"2024-02-08 - WSH, FLA"
2024-02-08,7:00 PM,CGY,NJ,"2024-02-08 - CGY, NJ"
2024-02-08,7:00 PM,WPG,PHI,"2024-02-08 - WPG, PHI"
2024-02-08,7:30 PM,TB,NYI,"2024-02-08 - TB, NYI"
2024-02-08,8:00 PM,COL,CAR,"2024-02-08 - COL, CAR"
2024-02-08,9:00 PM,VGK,ARI,"2024-02-08 - VGK, ARI"
2024-02-09,8:00 PM,PIT,MIN,"2024-02-09 - PIT, MIN"
2024-02-09,8:30 PM,NYR,CHI,"2024-02-09 - NYR, CHI"
2024-02-09,10:00 PM,EDM,ANA,"2024-02-09 - EDM, ANA"
2024-02-10,1:00 PM,STL,BUF,"2024-02-10 - STL, BUF"
2024-02-10,1:00 PM,VAN,DET,"2024-02-10 - VAN, DET"
2024-02-10,1:00 PM,DAL,MTL,"2024-02-10 - DAL, MTL"
2024-02-10,1:00 PM,CGY,NYI,"2024-02-10 - CGY, NYI"
2024-02-10,3:30 PM,WSH,BOS,"2024-02-10 - WSH, BOS"
2024-02-10,6:00 PM,COL,FLA,"2024-02-10 - COL, FLA"
2024-02-10,7:00 PM,NJ,CAR,"2024-02-10 - NJ, CAR"
2024-02-10,7:00 PM,TB,CBJ,"2024-02-10 - TB, CBJ"
2024-02-10,7:00 PM,TOR,OTT,"2024-02-10 - TOR, OTT"
2024-02-10,7:00 PM,SEA,PHI,"2024-02-10 - SEA, PHI"
2024-02-10,7:00 PM,PIT,WPG,"2024-02-10 - PIT, WPG"
2024-02-10,8:00 PM,ARI,NSH,"2024-02-10 - ARI, NSH"
2024-02-10,10:00 PM,EDM,LA,"2024-02-10 - EDM, LA"
2024-02-11,1:00 PM,STL,MTL,"2024-02-11 - STL, MTL"
2024-02-11,1:30 PM,VAN,WSH,"2024-02-11 - VAN, WSH"
2024-02-12,7:00 PM,SEA,NJ,"2024-02-12 - SEA, NJ"
2024-02-12,7:00 PM,CGY,NYR,"2024-02-12 - CGY, NYR"
2024-02-12,7:00 PM,ARI,PHI,"2024-02-12 - ARI, PHI"
2024-02-12,10:00 PM,MIN,VGK,"2024-02-12 - MIN, VGK"
2024-02-13,7:00 PM,TB,BOS,"2024-02-13 - TB, BOS"
2024-02-13,7:00 PM,LA,BUF,"2024-02-13 - LA, BUF"
2024-02-13,7:00 PM,ANA,MTL,"2024-02-13 - ANA, MTL"
2024-02-13,7:00 PM,CBJ,OTT,"2024-02-13 - CBJ, OTT"
2024-02-13,7:00 PM,STL,TOR,"2024-02-13 - STL, TOR"
2024-02-13,7:00 PM,COL,WSH,"2024-02-13 - COL, WSH"
2024-02-13,7:30 PM,SEA,NYI,"2024-02-13 - SEA, NYI"
2024-02-13,8:00 PM,CAR,DAL,"2024-02-13 - CAR, DAL"
2024-02-13,8:00 PM,NJ,NSH,"2024-02-13 - NJ, NSH"
2024-02-13,8:30 PM,VAN,CHI,"2024-02-13 - VAN, CHI"
2024-02-13,9:00 PM,DET,EDM,"2024-02-13 - DET, EDM"
2024-02-14,7:30 PM,FLA,PIT,"2024-02-14 - FLA, PIT"
2024-02-14,7:30 PM,SJ,WPG,"2024-02-14 - SJ, WPG"
2024-02-14,9:30 PM,MIN,ARI,"2024-02-14 - MIN, ARI"
2024-02-15,7:00 PM,SEA,BOS,"2024-02-15 - SEA, BOS"
2024-02-15,7:00 PM,FLA,BUF,"2024-02-15 - FLA, BUF"
2024-02-15,7:00 PM,LA,NJ,"2024-02-15 - LA, NJ"
2024-02-15,7:00 PM,MTL,NYR,"2024-02-15 - MTL, NYR"
2024-02-15,7:00 PM,ANA,OTT,"2024-02-15 - ANA, OTT"
2024-02-15,7:00 PM,COL,TB,"2024-02-15 - COL, TB"
2024-02-15,7:00 PM,PHI,TOR,"2024-02-15 - PHI, TOR"
2024-02-15,8:00 PM,EDM,STL,"2024-02-15 - EDM, STL"
2024-02-15,8:30 PM,PIT,CHI,"2024-02-15 - PIT, CHI"
2024-02-15,9:00 PM,SJ,CGY,"2024-02-15 - SJ, CGY"
2024-02-15,9:00 PM,DAL,NSH,"2024-02-15 - DAL, NSH"
2024-02-15,10:00 PM,DET,VAN,"2024-02-15 - DET, VAN"
2024-02-16,9:00 PM,CAR,ARI,"2024-02-16 - CAR, ARI"
2024-02-17,12:30 PM,EDM,DAL,"2024-02-17 - EDM, DAL"
2024-02-17,3:00 PM,OTT,CHI,"2024-02-17 - OTT, CHI"
2024-02-17,4:00 PM,DET,CGY,"2024-02-17 - DET, CGY"
2024-02-17,5:00 PM,LA,BOS,"2024-02-17 - LA, BOS"
2024-02-17,5:00 PM,BUF,MIN,"2024-02-17 - BUF, MIN"
2024-02-17,5:00 PM,NSH,STL,"2024-02-17 - NSH, STL"
2024-02-17,5:00 PM,FLA,TB,"2024-02-17 - FLA, TB"
2024-02-17,7:00 PM,WSH,MTL,"2024-02-17 - WSH, MTL"
2024-02-17,7:00 PM,ANA,TOR,"2024-02-17 - ANA, TOR"
2024-02-17,8:00 PM,PHI,NJ,"2024-02-17 - PHI, NJ"
2024-02-17,10:00 PM,WPG,VAN,"2024-02-17 - WPG, VAN"
2024-02-17,10:30 PM,CBJ,SJ,"2024-02-17 - CBJ, SJ"
2024-02-17,10:30 PM,CAR,VGK,"2024-02-17 - CAR, VGK"
2024-02-18,3:00 PM,NYR,NYI,"2024-02-18 - NYR, NYI"
2024-02-18,6:00 PM,ARI,COL,"2024-02-18 - ARI, COL"
2024-02-18,6:00 PM,LA,PIT,"2024-02-18 - LA, PIT"
2024-02-19,12:30 PM,ANA,BUF,"2024-02-19 - ANA, BUF"
2024-02-19,1:00 PM,DAL,BOS,"2024-02-19 - DAL, BOS"
2024-02-19,1:00 PM,TOR,STL,"2024-02-19 - TOR, STL"
2024-02-19,2:00 PM,VAN,MIN,"2024-02-19 - VAN, MIN"
2024-02-19,3:30 PM,DET,SEA,"2024-02-19 - DET, SEA"
2024-02-19,4:00 PM,EDM,ARI,"2024-02-19 - EDM, ARI"
2024-02-19,4:00 PM,WPG,CGY,"2024-02-19 - WPG, CGY"
2024-02-19,4:00 PM,VGK,SJ,"2024-02-19 - VGK, SJ"
2024-02-19,7:00 PM,CHI,CAR,"2024-02-19 - CHI, CAR"
2024-02-19,7:00 PM,OTT,TB,"2024-02-19 - OTT, TB"
2024-02-20,7:00 PM,OTT,FLA,"2024-02-20 - OTT, FLA"
2024-02-20,7:00 PM,DAL,NYR,"2024-02-20 - DAL, NYR"
2024-02-20,7:00 PM,NYI,PIT,"2024-02-20 - NYI, PIT"
2024-02-20,7:00 PM,NJ,WSH,"2024-02-20 - NJ, WSH"
2024-02-20,8:00 PM,MIN,WPG,"2024-02-20 - MIN, WPG"
2024-02-20,9:00 PM,VAN,COL,"2024-02-20 - VAN, COL"
2024-02-20,10:00 PM,NSH,VGK,"2024-02-20 - NSH, VGK"
2024-02-20,10:30 PM,CBJ,LA,"2024-02-20 - CBJ, LA"
2024-02-21,7:00 PM,BUF,MTL,"2024-02-21 - BUF, MTL"
2024-02-21,7:30 PM,PHI,CHI,"2024-02-21 - PHI, CHI"
2024-02-21,10:00 PM,CBJ,ANA,"2024-02-21 - CBJ, ANA"
2024-02-21,10:00 PM,TOR,ARI,"2024-02-21 - TOR, ARI"
2024-02-21,10:00 PM,BOS,EDM,"2024-02-21 - BOS, EDM"
2024-02-22,7:00 PM,FLA,CAR,"2024-02-22 - FLA, CAR"
2024-02-22,7:00 PM,COL,DET,"2024-02-22 - COL, DET"
2024-02-22,7:00 PM,NYR,NJ,"2024-02-22 - NYR, NJ"
2024-02-22,7:00 PM,DAL,OTT,"2024-02-22 - DAL, OTT"
2024-02-22,7:00 PM,MTL,PIT,"2024-02-22 - MTL, PIT"
2024-02-22,7:00 PM,WSH,TB,"2024-02-22 - WSH, TB"
2024-02-22,8:00 PM,NYI,STL,"2024-02-22 - NYI, STL"
2024-02-22,9:00 PM,BOS,CGY,"2024-02-22 - BOS, CGY"
2024-02-22,10:00 PM,VAN,SEA,"2024-02-22 - VAN, SEA"
2024-02-22,10:00 PM,TOR,VGK,"2024-02-22 - TOR, VGK"
2024-02-22,10:30 PM,NSH,LA,"2024-02-22 - NSH, LA"
2024-02-23,7:00 PM,BUF,CBJ,"2024-02-23 - BUF, CBJ"
2024-02-23,8:30 PM,WPG,CHI,"2024-02-23 - WPG, CHI"
2024-02-23,9:00 PM,MIN,EDM,"2024-02-23 - MIN, EDM"
2024-02-24,12:30 PM,MTL,NJ,"2024-02-24 - MTL, NJ"
2024-02-24,12:30 PM,TB,NYI,"2024-02-24 - TB, NYI"
2024-02-24,3:00 PM,NYR,PHI,"2024-02-24 - NYR, PHI"
2024-02-24,6:00 PM,WSH,FLA,"2024-02-24 - WSH, FLA"
2024-02-24,7:00 PM,DAL,CAR,"2024-02-24 - DAL, CAR"
2024-02-24,7:00 PM,TOR,COL,"2024-02-24 - TOR, COL"
2024-02-24,7:00 PM,STL,DET,"2024-02-24 - STL, DET"
2024-02-24,7:00 PM,VGK,OTT,"2024-02-24 - VGK, OTT"
2024-02-24,7:00 PM,BOS,VAN,"2024-02-24 - BOS, VAN"
2024-02-24,10:00 PM,CGY,EDM,"2024-02-24 - CGY, EDM"
2024-02-24,10:00 PM,MIN,SEA,"2024-02-24 - MIN, SEA"
2024-02-24,10:00 PM,NSH,SJ,"2024-02-24 - NSH, SJ"
2024-02-24,10:30 PM,ANA,LA,"2024-02-24 - ANA, LA"
2024-02-25,1:00 PM,TB,NJ,"2024-02-25 - TB, NJ"
2024-02-25,3:30 PM,PHI,PIT,"2024-02-25 - PHI, PIT"
2024-02-25,6:00 PM,CAR,BUF,"2024-02-25 - CAR, BUF"
2024-02-25,6:00 PM,NYR,CBJ,"2024-02-25 - NYR, CBJ"
2024-02-25,6:00 PM,DET,CHI,"2024-02-25 - DET, CHI"
2024-02-25,6:00 PM,ARI,WPG,"2024-02-25 - ARI, WPG"
2024-02-25,8:00 PM,NSH,ANA,"2024-02-25 - NSH, ANA"
2024-02-26,7:00 PM,OTT,WSH,"2024-02-26 - OTT, WSH"
2024-02-26,8:00 PM,NYI,DAL,"2024-02-26 - NYI, DAL"
2024-02-26,9:30 PM,LA,EDM,"2024-02-26 - LA, EDM"
2024-02-26,10:00 PM,BOS,SEA,"2024-02-26 - BOS, SEA"
2024-02-27,7:00 PM,WSH,DET,"2024-02-27 - WSH, DET"
2024-02-27,7:00 PM,BUF,FLA,"2024-02-27 - BUF, FLA"
2024-02-27,7:00 PM,ARI,MTL,"2024-02-27 - ARI, MTL"
2024-02-27,7:00 PM,TB,PHI,"2024-02-27 - TB, PHI"
2024-02-27,7:00 PM,VGK,TOR,"2024-02-27 - VGK, TOR"
2024-02-27,8:00 PM,CAR,MIN,"2024-02-27 - CAR, MIN"
2024-02-27,8:00 PM,OTT,NSH,"2024-02-27 - OTT, NSH"
2024-02-27,8:00 PM,STL,WPG,"2024-02-27 - STL, WPG"
2024-02-27,9:00 PM,LA,CGY,"2024-02-27 - LA, CGY"
2024-02-27,9:00 PM,DAL,COL,"2024-02-27 - DAL, COL"
2024-02-27,10:00 PM,PIT,VAN,"2024-02-27 - PIT, VAN"
2024-02-27,10:30 PM,NJ,SJ,"2024-02-27 - NJ, SJ"
2024-02-28,7:00 PM,CBJ,NYR,"2024-02-28 - CBJ, NYR"
2024-02-28,8:30 PM,STL,EDM,"2024-02-28 - STL, EDM"
2024-02-29,7:00 PM,VGK,BOS,"2024-02-29 - VGK, BOS"
2024-02-29,7:00 PM,CAR,CBJ,"2024-02-29 - CAR, CBJ"
2024-02-29,7:00 PM,NYI,DET,"2024-02-29 - NYI, DET"
2024-02-29,7:00 PM,MTL,FLA,"2024-02-29 - MTL, FLA"
2024-02-29,7:00 PM,BUF,TB,"2024-02-29 - BUF, TB"
2024-02-29,7:00 PM,ARI,TOR,"2024-02-29 - ARI, TOR"
2024-02-29,8:00 PM,WPG,DAL,"2024-02-29 - WPG, DAL"
2024-02-29,8:00 PM,MIN,NSH,"2024-02-29 - MIN, NSH"
2024-02-29,9:00 PM,COL,CHI,"2024-02-29 - COL, CHI"
2024-02-29,10:00 PM,PIT,SEA,"2024-02-29 - PIT, SEA"
2024-02-29,10:00 PM,LA,VAN,"2024-02-29 - LA, VAN"
2024-02-29,10:30 PM,ANA,SJ,"2024-02-29 - ANA, SJ"
2024-03-01,7:00 PM,ARI,OTT,"2024-03-01 - ARI, OTT"
2024-03-01,7:00 PM,PHI,WSH,"2024-03-01 - PHI, WSH"
2024-03-01,10:00 PM,NJ,ANA,"2024-03-01 - NJ, ANA"
2024-03-02,12:30 PM,WPG,CAR,"2024-03-02 - WPG, CAR"
2024-03-02,3:00 PM,BOS,NYI,"2024-03-02 - BOS, NYI"
2024-03-02,4:00 PM,EDM,SEA,"2024-03-02 - EDM, SEA"
2024-03-02,6:00 PM,COL,NSH,"2024-03-02 - COL, NSH"
2024-03-02,7:00 PM,VGK,BUF,"2024-03-02 - VGK, BUF"
2024-03-02,7:00 PM,FLA,DET,"2024-03-02 - FLA, DET"
2024-03-02,7:00 PM,OTT,PHI,"2024-03-02 - OTT, PHI"
2024-03-02,7:00 PM,MTL,TB,"2024-03-02 - MTL, TB"
2024-03-02,7:00 PM,NYR,TOR,"2024-03-02 - NYR, TOR"
2024-03-02,8:00 PM,CBJ,CHI,"2024-03-02 - CBJ, CHI"
2024-03-02,8:00 PM,SJ,DAL,"2024-03-02 - SJ, DAL"
2024-03-02,8:00 PM,MIN,STL,"2024-03-02 - MIN, STL"
2024-03-02,10:00 PM,PIT,CGY,"2024-03-02 - PIT, CGY"
2024-03-03,1:00 PM,ARI,WSH,"2024-03-03 - ARI, WSH"
2024-03-03,3:30 PM,NJ,LA,"2024-03-03 - NJ, LA"
2024-03-03,7:00 PM,WPG,BUF,"2024-03-03 - WPG, BUF"
2024-03-03,7:00 PM,SJ,MIN,"2024-03-03 - SJ, MIN"
2024-03-03,8:00 PM,VAN,ANA,"2024-03-03 - VAN, ANA"
2024-03-03,9:00 PM,PIT,EDM,"2024-03-03 - PIT, EDM"
2024-03-04,7:00 PM,VGK,CBJ,"2024-03-04 - VGK, CBJ"
2024-03-04,7:00 PM,FLA,NYR,"2024-03-04 - FLA, NYR"
2024-03-04,7:00 PM,STL,PHI,"2024-03-04 - STL, PHI"
2024-03-04,7:00 PM,BOS,TOR,"2024-03-04 - BOS, TOR"
2024-03-04,9:00 PM,CHI,COL,"2024-03-04 - CHI, COL"
2024-03-04,9:30 PM,SEA,CGY,"2024-03-04 - SEA, CGY"
2024-03-05,7:00 PM,EDM,BOS,"2024-03-05 - EDM, BOS"
2024-03-05,7:00 PM,FLA,NJ,"2024-03-05 - FLA, NJ"
2024-03-05,7:00 PM,CBJ,PIT,"2024-03-05 - CBJ, PIT"
2024-03-05,7:30 PM,STL,NYI,"2024-03-05 - STL, NYI"
2024-03-05,8:00 PM,MTL,NSH,"2024-03-05 - MTL, NSH"
2024-03-05,8:00 PM,SEA,WPG,"2024-03-05 - SEA, WPG"
2024-03-05,9:00 PM,CHI,ARI,"2024-03-05 - CHI, ARI"
2024-03-05,10:30 PM,VAN,LA,"2024-03-05 - VAN, LA"
2024-03-05,10:30 PM,DAL,SJ,"2024-03-05 - DAL, SJ"
2024-03-06,7:00 PM,BUF,TOR,"2024-03-06 - BUF, TOR"
2024-03-06,9:30 PM,DET,COL,"2024-03-06 - DET, COL"
2024-03-06,10:00 PM,OTT,ANA,"2024-03-06 - OTT, ANA"
2024-03-07,7:00 PM,TOR,BOS,"2024-03-07 - TOR, BOS"
2024-03-07,7:00 PM,MTL,CAR,"2024-03-07 - MTL, CAR"
2024-03-07,7:00 PM,EDM,CBJ,"2024-03-07 - EDM, CBJ"
2024-03-07,7:00 PM,PHI,FLA,"2024-03-07 - PHI, FLA"
2024-03-07,7:00 PM,STL,NJ,"2024-03-07 - STL, NJ"
2024-03-07,7:00 PM,WSH,PIT,"2024-03-07 - WSH, PIT"
2024-03-07,7:00 PM,CGY,TB,"2024-03-07 - CGY, TB"
2024-03-07,8:00 PM,BUF,NSH,"2024-03-07 - BUF, NSH"
2024-03-07,9:00 PM,MIN,ARI,"2024-03-07 - MIN, ARI"
2024-03-07,10:00 PM,VAN,VGK,"2024-03-07 - VAN, VGK"
2024-03-07,10:30 PM,OTT,LA,"2024-03-07 - OTT, LA"
2024-03-07,10:30 PM,NYI,SJ,"2024-03-07 - NYI, SJ"
2024-03-08,9:00 PM,DET,ARI,"2024-03-08 - DET, ARI"
2024-03-08,9:00 PM,MIN,COL,"2024-03-08 - MIN, COL"
2024-03-08,10:00 PM,DAL,ANA,"2024-03-08 - DAL, ANA"
2024-03-08,10:00 PM,WPG,SEA,"2024-03-08 - WPG, SEA"
2024-03-09,12:30 PM,EDM,BUF,"2024-03-09 - EDM, BUF"
2024-03-09,12:30 PM,NSH,CBJ,"2024-03-09 - NSH, CBJ"
2024-03-09,12:30 PM,CAR,NJ,"2024-03-09 - CAR, NJ"
2024-03-09,3:00 PM,PIT,BOS,"2024-03-09 - PIT, BOS"
2024-03-09,4:00 PM,CGY,FLA,"2024-03-09 - CGY, FLA"
2024-03-09,7:00 PM,TOR,MTL,"2024-03-09 - TOR, MTL"
2024-03-09,7:00 PM,OTT,SJ,"2024-03-09 - OTT, SJ"
2024-03-09,7:00 PM,PHI,TB,"2024-03-09 - PHI, TB"
2024-03-09,7:00 PM,CHI,WSH,"2024-03-09 - CHI, WSH"
2024-03-09,7:30 PM,STL,NYR,"2024-03-09 - STL, NYR"
2024-03-09,10:00 PM,WPG,VAN,"2024-03-09 - WPG, VAN"
2024-03-09,10:00 PM,DET,VGK,"2024-03-09 - DET, VGK"
2024-03-09,10:30 PM,DAL,LA,"2024-03-09 - DAL, LA"
2024-03-10,1:00 PM,EDM,PIT,"2024-03-10 - EDM, PIT"
2024-03-10,3:30 PM,NSH,MIN,"2024-03-10 - NSH, MIN"
2024-03-10,5:00 PM,CGY,CAR,"2024-03-10 - CGY, CAR"
2024-03-10,6:00 PM,ARI,CHI,"2024-03-10 - ARI, CHI"
2024-03-10,8:00 PM,NYI,ANA,"2024-03-10 - NYI, ANA"
2024-03-11,7:00 PM,STL,BOS,"2024-03-11 - STL, BOS"
2024-03-11,7:00 PM,NJ,NYR,"2024-03-11 - NJ, NYR"
2024-03-11,7:30 PM,WSH,WPG,"2024-03-11 - WSH, WPG"
2024-03-11,10:30 PM,NYI,LA,"2024-03-11 - NYI, LA"
2024-03-12,7:00 PM,DET,BUF,"2024-03-12 - DET, BUF"
2024-03-12,7:00 PM,NYR,CAR,"2024-03-12 - NYR, CAR"
2024-03-12,7:00 PM,CBJ,MTL,"2024-03-12 - CBJ, MTL"
2024-03-12,7:00 PM,PIT,OTT,"2024-03-12 - PIT, OTT"
2024-03-12,7:00 PM,SJ,PHI,"2024-03-12 - SJ, PHI"
2024-03-12,8:00 PM,FLA,DAL,"2024-03-12 - FLA, DAL"
2024-03-12,8:00 PM,ARI,MIN,"2024-03-12 - ARI, MIN"
2024-03-12,8:30 PM,ANA,CHI,"2024-03-12 - ANA, CHI"
2024-03-12,9:00 PM,COL,CGY,"2024-03-12 - COL, CGY"
2024-03-12,10:00 PM,VGK,SEA,"2024-03-12 - VGK, SEA"
2024-03-13,7:30 PM,LA,STL,"2024-03-13 - LA, STL"
2024-03-13,7:30 PM,NSH,WPG,"2024-03-13 - NSH, WPG"
2024-03-13,10:00 PM,WSH,EDM,"2024-03-13 - WSH, EDM"
2024-03-13,10:30 PM,COL,VAN,"2024-03-13 - COL, VAN"
2024-03-14,7:00 PM,NYI,BUF,"2024-03-14 - NYI, BUF"
2024-03-14,7:00 PM,FLA,CAR,"2024-03-14 - FLA, CAR"
2024-03-14,7:00 PM,OTT,CBJ,"2024-03-14 - OTT, CBJ"
2024-03-14,7:00 PM,ARI,DET,"2024-03-14 - ARI, DET"
2024-03-14,7:00 PM,BOS,MTL,"2024-03-14 - BOS, MTL"
2024-03-14,7:00 PM,TOR,PHI,"2024-03-14 - TOR, PHI"
2024-03-14,7:00 PM,SJ,PIT,"2024-03-14 - SJ, PIT"
2024-03-14,7:00 PM,NYR,TB,"2024-03-14 - NYR, TB"
2024-03-14,8:00 PM,NJ,DAL,"2024-03-14 - NJ, DAL"
2024-03-14,8:00 PM,ANA,MIN,"2024-03-14 - ANA, MIN"
2024-03-14,9:00 PM,VGK,CGY,"2024-03-14 - VGK, CGY"
2024-03-14,10:00 PM,WSH,SEA,"2024-03-14 - WSH, SEA"
2024-03-15,8:00 PM,ANA,WPG,"2024-03-15 - ANA, WPG"
2024-03-15,8:30 PM,LA,CHI,"2024-03-15 - LA, CHI"
2024-03-16,12:30 PM,BUF,DET,"2024-03-16 - BUF, DET"
2024-03-16,12:30 PM,OTT,NYI,"2024-03-16 - OTT, NYI"
2024-03-16,3:00 PM,NYR,PIT,"2024-03-16 - NYR, PIT"
2024-03-16,5:00 PM,NJ,ARI,"2024-03-16 - NJ, ARI"
2024-03-16,6:00 PM,TB,FLA,"2024-03-16 - TB, FLA"
2024-03-16,7:00 PM,PHI,BOS,"2024-03-16 - PHI, BOS"
2024-03-16,7:00 PM,SJ,CBJ,"2024-03-16 - SJ, CBJ"
2024-03-16,7:00 PM,MTL,CGY,"2024-03-16 - MTL, CGY"
2024-03-16,7:00 PM,CAR,TOR,"2024-03-16 - CAR, TOR"
2024-03-16,8:00 PM,LA,DAL,"2024-03-16 - LA, DAL"
2024-03-16,8:00 PM,MIN,STL,"2024-03-16 - MIN, STL"
2024-03-16,10:00 PM,COL,EDM,"2024-03-16 - COL, EDM"
2024-03-16,10:00 PM,NSH,SEA,"2024-03-16 - NSH, SEA"
2024-03-16,10:00 PM,WSH,VAN,"2024-03-16 - WSH, VAN"
2024-03-17,1:00 PM,NYI,NYR,"2024-03-17 - NYI, NYR"
2024-03-17,3:30 PM,NJ,VGK,"2024-03-17 - NJ, VGK"
2024-03-17,6:00 PM,WPG,CBJ,"2024-03-17 - WPG, CBJ"
2024-03-17,6:00 PM,SJ,CHI,"2024-03-17 - SJ, CHI"
2024-03-17,6:00 PM,CAR,OTT,"2024-03-17 - CAR, OTT"
2024-03-17,6:00 PM,DET,PIT,"2024-03-17 - DET, PIT"
2024-03-17,7:00 PM,ANA,STL,"2024-03-17 - ANA, STL"
2024-03-18,8:30 PM,WSH,CGY,"2024-03-18 - WSH, CGY"
2024-03-18,10:00 PM,BUF,SEA,"2024-03-18 - BUF, SEA"
2024-03-19,7:00 PM,OTT,BOS,"2024-03-19 - OTT, BOS"
2024-03-19,7:00 PM,CBJ,DET,"2024-03-19 - CBJ, DET"
2024-03-19,7:00 PM,PIT,NJ,"2024-03-19 - PIT, NJ"
2024-03-19,7:00 PM,WPG,NYR,"2024-03-19 - WPG, NYR"
2024-03-19,7:00 PM,TOR,PHI,"2024-03-19 - TOR, PHI"
2024-03-19,7:30 PM,CAR,NYI,"2024-03-19 - CAR, NYI"
2024-03-19,8:00 PM,SJ,NSH,"2024-03-19 - SJ, NSH"
2024-03-19,8:00 PM,COL,STL,"2024-03-19 - COL, STL"
2024-03-19,9:00 PM,MTL,EDM,"2024-03-19 - MTL, EDM"
2024-03-19,10:00 PM,MIN,ANA,"2024-03-19 - MIN, ANA"
2024-03-19,10:00 PM,CHI,LA,"2024-03-19 - CHI, LA"
2024-03-19,10:00 PM,BUF,VAN,"2024-03-19 - BUF, VAN"
2024-03-19,10:00 PM,TB,VGK,"2024-03-19 - TB, VGK"
2024-03-20,7:30 PM,TOR,WSH,"2024-03-20 - TOR, WSH"
2024-03-20,8:00 PM,ARI,DAL,"2024-03-20 - ARI, DAL"
2024-03-20,10:00 PM,MIN,LA,"2024-03-20 - MIN, LA"
2024-03-21,7:00 PM,NYR,BOS,"2024-03-21 - NYR, BOS"
2024-03-21,7:00 PM,PHI,CAR,"2024-03-21 - PHI, CAR"
2024-03-21,7:00 PM,NYI,DET,"2024-03-21 - NYI, DET"
2024-03-21,7:00 PM,NSH,FLA,"2024-03-21 - NSH, FLA"
2024-03-21,7:00 PM,WPG,NJ,"2024-03-21 - WPG, NJ"
2024-03-21,7:00 PM,STL,OTT,"2024-03-21 - STL, OTT"
2024-03-21,9:00 PM,BUF,EDM,"2024-03-21 - BUF, EDM"
2024-03-21,10:00 PM,CHI,ANA,"2024-03-21 - CHI, ANA"
2024-03-21,10:00 PM,MTL,VAN,"2024-03-21 - MTL, VAN"
2024-03-21,10:00 PM,SEA,VGK,"2024-03-21 - SEA, VGK"
2024-03-21,10:30 PM,TB,SJ,"2024-03-21 - TB, SJ"
2024-03-22,7:00 PM,CAR,WSH,"2024-03-22 - CAR, WSH"
2024-03-22,8:00 PM,PIT,DAL,"2024-03-22 - PIT, DAL"
2024-03-22,9:00 PM,CBJ,COL,"2024-03-22 - CBJ, COL"
2024-03-22,10:00 PM,SEA,ARI,"2024-03-22 - SEA, ARI"
2024-03-23,1:00 PM,WPG,NYI,"2024-03-23 - WPG, NYI"
2024-03-23,1:00 PM,BOS,PHI,"2024-03-23 - BOS, PHI"
2024-03-23,3:00 PM,STL,MIN,"2024-03-23 - STL, MIN"
2024-03-23,5:00 PM,DET,NSH,"2024-03-23 - DET, NSH"
2024-03-23,7:00 PM,OTT,NJ,"2024-03-23 - OTT, NJ"
2024-03-23,7:00 PM,EDM,TOR,"2024-03-23 - EDM, TOR"
2024-03-23,8:00 PM,FLA,NYR,"2024-03-23 - FLA, NYR"
2024-03-23,10:00 PM,CGY,VAN,"2024-03-23 - CGY, VAN"
2024-03-23,10:30 PM,TB,LA,"2024-03-23 - TB, LA"
2024-03-23,10:30 PM,CHI,SJ,"2024-03-23 - CHI, SJ"
2024-03-23,10:30 PM,CBJ,VGK,"2024-03-23 - CBJ, VGK"
2024-03-24,12:30 PM,WPG,WSH,"2024-03-24 - WPG, WSH"
2024-03-24,2:00 PM,PIT,COL,"2024-03-24 - PIT, COL"
2024-03-24,5:00 PM,NJ,NYI,"2024-03-24 - NJ, NYI"
2024-03-24,6:00 PM,TOR,CAR,"2024-03-24 - TOR, CAR"
2024-03-24,6:00 PM,EDM,OTT,"2024-03-24 - EDM, OTT"
2024-03-24,6:00 PM,FLA,PHI,"2024-03-24 - FLA, PHI"
2024-03-24,8:00 PM,DAL,ARI,"2024-03-24 - DAL, ARI"
2024-03-24,8:30 PM,TB,ANA,"2024-03-24 - TB, ANA"
2024-03-24,9:00 PM,BUF,CGY,"2024-03-24 - BUF, CGY"
2024-03-24,9:00 PM,MTL,SEA,"2024-03-24 - MTL, SEA"
2024-03-25,8:00 PM,VGK,STL,"2024-03-25 - VGK, STL"
2024-03-25,9:00 PM,LA,VAN,"2024-03-25 - LA, VAN"
2024-03-26,7:00 PM,BOS,FLA,"2024-03-26 - BOS, FLA"
2024-03-26,7:00 PM,PHI,NYR,"2024-03-26 - PHI, NYR"
2024-03-26,7:00 PM,CAR,PIT,"2024-03-26 - CAR, PIT"
2024-03-26,7:00 PM,NJ,TOR,"2024-03-26 - NJ, TOR"
2024-03-26,7:00 PM,DET,WSH,"2024-03-26 - DET, WSH"
2024-03-26,8:00 PM,VGK,NSH,"2024-03-26 - VGK, NSH"
2024-03-26,8:00 PM,EDM,WPG,"2024-03-26 - EDM, WPG"
2024-03-26,8:30 PM,CGY,CHI,"2024-03-26 - CGY, CHI"
2024-03-26,9:00 PM,MTL,COL,"2024-03-26 - MTL, COL"
2024-03-26,10:00 PM,CBJ,ARI,"2024-03-26 - CBJ, ARI"
2024-03-26,10:00 PM,ANA,SEA,"2024-03-26 - ANA, SEA"
2024-03-26,10:30 PM,DAL,SJ,"2024-03-26 - DAL, SJ"
2024-03-27,7:00 PM,OTT,BUF,"2024-03-27 - OTT, BUF"
2024-03-27,7:30 PM,BOS,TB,"2024-03-27 - BOS, TB"
2024-03-28,7:00 PM,DET,CAR,"2024-03-28 - DET, CAR"
2024-03-28,7:00 PM,NYI,FLA,"2024-03-28 - NYI, FLA"
2024-03-28,7:00 PM,PHI,MTL,"2024-03-28 - PHI, MTL"
2024-03-28,7:00 PM,CHI,OTT,"2024-03-28 - CHI, OTT"
2024-03-28,7:00 PM,CBJ,PIT,"2024-03-28 - CBJ, PIT"
2024-03-28,7:00 PM,WSH,TOR,"2024-03-28 - WSH, TOR"
2024-03-28,8:00 PM,SJ,MIN,"2024-03-28 - SJ, MIN"
2024-03-28,8:00 PM,CGY,STL,"2024-03-28 - CGY, STL"
2024-03-28,8:00 PM,VGK,WPG,"2024-03-28 - VGK, WPG"
2024-03-28,9:00 PM,NYR,COL,"2024-03-28 - NYR, COL"
2024-03-28,9:00 PM,LA,EDM,"2024-03-28 - LA, EDM"
2024-03-28,10:00 PM,NSH,ARI,"2024-03-28 - NSH, ARI"
2024-03-28,10:00 PM,ANA,SEA,"2024-03-28 - ANA, SEA"
2024-03-28,10:00 PM,DAL,VAN,"2024-03-28 - DAL, VAN"
2024-03-29,7:00 PM,NJ,BUF,"2024-03-29 - NJ, BUF"
2024-03-30,12:30 PM,DET,FLA,"2024-03-30 - DET, FLA"
2024-03-30,3:00 PM,VGK,MIN,"2024-03-30 - VGK, MIN"
2024-03-30,4:00 PM,ANA,EDM,"2024-03-30 - ANA, EDM"
2024-03-30,6:00 PM,NYR,ARI,"2024-03-30 - NYR, ARI"
2024-03-30,6:00 PM,NSH,COL,"2024-03-30 - NSH, COL"
2024-03-30,7:00 PM,TOR,BUF,"2024-03-30 - TOR, BUF"
2024-03-30,7:00 PM,PIT,CBJ,"2024-03-30 - PIT, CBJ"
2024-03-30,7:00 PM,CAR,MTL,"2024-03-30 - CAR, MTL"
2024-03-30,7:00 PM,CHI,PHI,"2024-03-30 - CHI, PHI"
2024-03-30,7:00 PM,NYI,TB,"2024-03-30 - NYI, TB"
2024-03-30,7:00 PM,OTT,WPG,"2024-03-30 - OTT, WPG"
2024-03-30,7:00 PM,BOS,WSH,"2024-03-30 - BOS, WSH"
2024-03-30,8:00 PM,SJ,STL,"2024-03-30 - SJ, STL"
2024-03-30,10:00 PM,LA,CGY,"2024-03-30 - LA, CGY"
2024-03-30,10:00 PM,DAL,SEA,"2024-03-30 - DAL, SEA"
2024-03-31,3:30 PM,ANA,VAN,"2024-03-31 - ANA, VAN"
2024-04-01,7:00 PM,COL,CBJ,"2024-04-01 - COL, CBJ"
2024-04-01,7:00 PM,PIT,NYR,"2024-04-01 - PIT, NYR"
2024-04-01,7:00 PM,NYI,PHI,"2024-04-01 - NYI, PHI"
2024-04-01,7:00 PM,DET,TB,"2024-04-01 - DET, TB"
2024-04-01,7:00 PM,FLA,TOR,"2024-04-01 - FLA, TOR"
2024-04-01,9:00 PM,EDM,STL,"2024-04-01 - EDM, STL"
2024-04-01,9:00 PM,LA,WPG,"2024-04-01 - LA, WPG"
2024-04-01,10:30 PM,SEA,SJ,"2024-04-01 - SEA, SJ"
2024-04-02,7:00 PM,WSH,BUF,"2024-04-02 - WSH, BUF"
2024-04-02,7:00 PM,FLA,MTL,"2024-04-02 - FLA, MTL"
2024-04-02,7:00 PM,PIT,NJ,"2024-04-02 - PIT, NJ"
2024-04-02,7:30 PM,CHI,NYI,"2024-04-02 - CHI, NYI"
2024-04-02,8:00 PM,OTT,MIN,"2024-04-02 - OTT, MIN"
2024-04-02,8:00 PM,BOS,NSH,"2024-04-02 - BOS, NSH"
2024-04-02,9:00 PM,ANA,CGY,"2024-04-02 - ANA, CGY"
2024-04-02,10:00 PM,VAN,VGK,"2024-04-02 - VAN, VGK"
2024-04-03,7:00 PM,TB,TOR,"2024-04-03 - TB, TOR"
2024-04-03,7:30 PM,NJ,NYR,"2024-04-03 - NJ, NYR"
2024-04-03,9:00 PM,EDM,DAL,"2024-04-03 - EDM, DAL"
2024-04-03,10:00 PM,VAN,ARI,"2024-04-03 - VAN, ARI"
2024-04-03,10:00 PM,SEA,LA,"2024-04-03 - SEA, LA"
2024-04-04,7:00 PM,BOS,CAR,"2024-04-04 - BOS, CAR"
2024-04-04,7:00 PM,NYI,CBJ,"2024-04-04 - NYI, CBJ"
2024-04-04,7:00 PM,TB,MTL,"2024-04-04 - TB, MTL"
2024-04-04,7:00 PM,FLA,OTT,"2024-04-04 - FLA, OTT"
2024-04-04,7:00 PM,PIT,WSH,"2024-04-04 - PIT, WSH"
2024-04-04,8:00 PM,COL,MIN,"2024-04-04 - COL, MIN"
2024-04-04,8:00 PM,STL,NSH,"2024-04-04 - STL, NSH"
2024-04-04,8:00 PM,CGY,WPG,"2024-04-04 - CGY, WPG"
2024-04-04,10:30 PM,LA,SJ,"2024-04-04 - LA, SJ"
2024-04-05,7:00 PM,PHI,BUF,"2024-04-05 - PHI, BUF"
2024-04-05,7:00 PM,WSH,CAR,"2024-04-05 - WSH, CAR"
2024-04-05,7:00 PM,NYR,DET,"2024-04-05 - NYR, DET"
2024-04-05,9:00 PM,COL,EDM,"2024-04-05 - COL, EDM"
2024-04-05,10:00 PM,SEA,ANA,"2024-04-05 - SEA, ANA"
2024-04-05,10:00 PM,VGK,ARI,"2024-04-05 - VGK, ARI"
2024-04-06,1:00 PM,TB,PIT,"2024-04-06 - TB, PIT"
2024-04-06,3:30 PM,FLA,BOS,"2024-04-06 - FLA, BOS"
2024-04-06,4:00 PM,WPG,MIN,"2024-04-06 - WPG, MIN"
2024-04-06,4:30 PM,DAL,CHI,"2024-04-06 - DAL, CHI"
2024-04-06,6:00 PM,STL,SJ,"2024-04-06 - STL, SJ"
2024-04-06,7:00 PM,PHI,CBJ,"2024-04-06 - PHI, CBJ"
2024-04-06,7:00 PM,TOR,MTL,"2024-04-06 - TOR, MTL"
2024-04-06,7:00 PM,NJ,OTT,"2024-04-06 - NJ, OTT"
2024-04-06,7:30 PM,NSH,NYI,"2024-04-06 - NSH, NYI"
2024-04-06,10:00 PM,EDM,CGY,"2024-04-06 - EDM, CGY"
2024-04-06,10:00 PM,VAN,LA,"2024-04-06 - VAN, LA"
2024-04-07,1:00 PM,BUF,DET,"2024-04-07 - BUF, DET"
2024-04-07,3:30 PM,MIN,CHI,"2024-04-07 - MIN, CHI"
2024-04-07,5:00 PM,CBJ,CAR,"2024-04-07 - CBJ, CAR"
2024-04-07,6:00 PM,ARI,SJ,"2024-04-07 - ARI, SJ"
2024-04-07,6:00 PM,OTT,WSH,"2024-04-07 - OTT, WSH"
2024-04-07,7:00 PM,NSH,NJ,"2024-04-07 - NSH, NJ"
2024-04-07,7:00 PM,MTL,NYR,"2024-04-07 - MTL, NYR"
2024-04-07,8:00 PM,STL,ANA,"2024-04-07 - STL, ANA"
2024-04-07,10:00 PM,DAL,COL,"2024-04-07 - DAL, COL"
2024-04-08,7:00 PM,PIT,TOR,"2024-04-08 - PIT, TOR"
2024-04-08,10:00 PM,VGK,VAN,"2024-04-08 - VGK, VAN"
2024-04-09,7:00 PM,CAR,BOS,"2024-04-09 - CAR, BOS"
2024-04-09,7:00 PM,WSH,DET,"2024-04-09 - WSH, DET"
2024-04-09,7:00 PM,OTT,FLA,"2024-04-09 - OTT, FLA"
2024-04-09,7:00 PM,PHI,MTL,"2024-04-09 - PHI, MTL"
2024-04-09,7:00 PM,TOR,NJ,"2024-04-09 - TOR, NJ"
2024-04-09,7:00 PM,NYR,NYI,"2024-04-09 - NYR, NYI"
2024-04-09,7:00 PM,CBJ,TB,"2024-04-09 - CBJ, TB"
2024-04-09,8:00 PM,BUF,DAL,"2024-04-09 - BUF, DAL"
2024-04-09,8:00 PM,WPG,NSH,"2024-04-09 - WPG, NSH"
2024-04-09,9:30 PM,MIN,COL,"2024-04-09 - MIN, COL"
2024-04-09,10:00 PM,LA,ANA,"2024-04-09 - LA, ANA"
2024-04-09,10:00 PM,ARI,SEA,"2024-04-09 - ARI, SEA"
2024-04-09,10:30 PM,CGY,SJ,"2024-04-09 - CGY, SJ"
2024-04-10,8:00 PM,CHI,STL,"2024-04-10 - CHI, STL"
2024-04-10,8:30 PM,VGK,EDM,"2024-04-10 - VGK, EDM"
2024-04-10,10:30 PM,ARI,VAN,"2024-04-10 - ARI, VAN"
2024-04-11,7:00 PM,WSH,BUF,"2024-04-11 - WSH, BUF"
2024-04-11,7:00 PM,CBJ,FLA,"2024-04-11 - CBJ, FLA"
2024-04-11,7:00 PM,PHI,NYR,"2024-04-11 - PHI, NYR"
2024-04-11,7:00 PM,DET,PIT,"2024-04-11 - DET, PIT"
2024-04-11,7:00 PM,OTT,TB,"2024-04-11 - OTT, TB"
2024-04-11,7:00 PM,NJ,TOR,"2024-04-11 - NJ, TOR"
2024-04-11,7:30 PM,MTL,NYI,"2024-04-11 - MTL, NYI"
2024-04-11,8:00 PM,WPG,DAL,"2024-04-11 - WPG, DAL"
2024-04-11,10:00 PM,SJ,SEA,"2024-04-11 - SJ, SEA"
2024-04-11,10:30 PM,CGY,LA,"2024-04-11 - CGY, LA"
2024-04-12,8:00 PM,CAR,STL,"2024-04-12 - CAR, STL"
2024-04-12,8:30 PM,NSH,CHI,"2024-04-12 - NSH, CHI"
2024-04-12,9:00 PM,ARI,EDM,"2024-04-12 - ARI, EDM"
2024-04-12,10:00 PM,CGY,ANA,"2024-04-12 - CGY, ANA"
2024-04-12,10:00 PM,MIN,VGK,"2024-04-12 - MIN, VGK"
2024-04-13,12:30 PM,NYI,NYR,"2024-04-13 - NYI, NYR"
2024-04-13,3:00 PM,SEA,DAL,"2024-04-13 - SEA, DAL"
2024-04-13,4:00 PM,WPG,COL,"2024-04-13 - WPG, COL"
2024-04-13,5:00 PM,BUF,FLA,"2024-04-13 - BUF, FLA"
2024-04-13,5:00 PM,NJ,PHI,"2024-04-13 - NJ, PHI"
2024-04-13,5:30 PM,TB,WSH,"2024-04-13 - TB, WSH"
2024-04-13,7:00 PM,MTL,OTT,"2024-04-13 - MTL, OTT"
2024-04-13,7:00 PM,DET,TOR,"2024-04-13 - DET, TOR"
2024-04-13,8:00 PM,CBJ,NSH,"2024-04-13 - CBJ, NSH"
2024-04-13,8:00 PM,BOS,PIT,"2024-04-13 - BOS, PIT"
2024-04-13,10:00 PM,VAN,EDM,"2024-04-13 - VAN, EDM"
2024-04-13,10:30 PM,ANA,LA,"2024-04-13 - ANA, LA"
2024-04-13,10:30 PM,MIN,SJ,"2024-04-13 - MIN, SJ"
2024-04-14,1:00 PM,SEA,STL,"2024-04-14 - SEA, STL"
2024-04-14,3:30 PM,COL,VGK,"2024-04-14 - COL, VGK"
2024-04-14,6:00 PM,CAR,CHI,"2024-04-14 - CAR, CHI"
2024-04-14,8:00 PM,ARI,CGY,"2024-04-14 - ARI, CGY"
2024-04-15,7:00 PM,MTL,DET,"2024-04-15 - MTL, DET"
2024-04-15,7:00 PM,NYI,NJ,"2024-04-15 - NYI, NJ"
2024-04-15,7:00 PM,NSH,PIT,"2024-04-15 - NSH, PIT"
2024-04-15,7:00 PM,BUF,TB,"2024-04-15 - BUF, TB"
2024-04-15,7:00 PM,BOS,WSH,"2024-04-15 - BOS, WSH"
2024-04-15,7:30 PM,OTT,NYR,"2024-04-15 - OTT, NYR"
2024-04-15,9:30 PM,SJ,EDM,"2024-04-15 - SJ, EDM"
2024-04-15,9:30 PM,MIN,LA,"2024-04-15 - MIN, LA"
2024-04-16,7:00 PM,OTT,BOS,"2024-04-16 - OTT, BOS"
2024-04-16,7:00 PM,CAR,CBJ,"2024-04-16 - CAR, CBJ"
2024-04-16,7:00 PM,TOR,FLA,"2024-04-16 - TOR, FLA"
2024-04-16,7:00 PM,DET,MTL,"2024-04-16 - DET, MTL"
2024-04-16,7:00 PM,WSH,PHI,"2024-04-16 - WSH, PHI"
2024-04-16,8:00 PM,SEA,WPG,"2024-04-16 - SEA, WPG"
2024-04-16,9:30 PM,CHI,VGK,"2024-04-16 - CHI, VGK"
2024-04-16,10:00 PM,CGY,VAN,"2024-04-16 - CGY, VAN"
2024-04-17,7:00 PM,PIT,NYI,"2024-04-17 - PIT, NYI"
2024-04-17,7:00 PM,TOR,TB,"2024-04-17 - TOR, TB"
2024-04-17,9:30 PM,STL,DAL,"2024-04-17 - STL, DAL"
2024-04-17,10:00 PM,EDM,ARI,"2024-04-17 - EDM, ARI"
2024-04-18,7:00 PM,SEA,MIN,"2024-04-18 - SEA, MIN"
2024-04-18,8:00 PM,VAN,WPG,"2024-04-18 - VAN, WPG"
2024-04-18,9:00 PM,SJ,CGY,"2024-04-18 - SJ, CGY"
2024-04-18,9:30 PM,EDM,COL,"2024-04-18 - EDM, COL"
2024-04-18,10:00 PM,ANA,VGK,"2024-04-18 - ANA, VGK"
2024-04-18,10:30 PM,CHI,LA,"2024-04-18 - CHI, LA"
